OrderID,ProductID,ProductName,CustomerID,EmployeeID,ShipperID,OrderDate,Quantity,UnitPrice,Discount,Revenue
10248,11,"Queso Cabrales",85,5,3,2009-08-04,12,14.00,0.00,168.00
10248,42,"Singaporean Hokkien Fried Mee",85,5,3,2009-08-04,10,9.80,0.00,98.00
10248,72,"Mozzarella di Giovanni",85,5,3,2009-08-04,5,34.80,0.00,174.00
10249,14,Tofu,79,6,1,2009-08-05,9,18.60,0.00,167.40
10249,51,"Manjimup Dried Apples",79,6,1,2009-08-05,40,42.40,0.00,1696.00
10250,41,"Jack's New England Clam Chowder",34,4,2,2009-08-08,10,7.70,0.00,77.00
10250,51,"Manjimup Dried Apples",34,4,2,2009-08-08,35,42.40,0.15,1481.77
10250,65,"Louisiana Fiery Hot Pepper Sauce",34,4,2,2009-08-08,15,16.80,0.15,251.62
10251,22,"Gustaf's Knäckebröd",84,3,1,2009-08-08,6,16.80,0.05,100.75
10251,57,"Ravioli Angelo",84,3,1,2009-08-08,15,15.60,0.05,233.88
10251,65,"Louisiana Fiery Hot Pepper Sauce",84,3,1,2009-08-08,20,16.80,0.00,336.00
10252,20,"Sir Rodney's Marmalade",76,4,2,2009-08-09,40,64.80,0.05,2590.70
10252,33,Geitost,76,4,2,2009-08-09,25,2.00,0.05,49.98
10252,60,"Camembert Pierrot",76,4,2,2009-08-09,40,27.20,0.00,1088.00
10253,31,"Gorgonzola Telino",34,3,2,2009-08-10,20,10.00,0.00,200.00
10253,39,"Chartreuse verte",34,3,2,2009-08-10,42,14.40,0.00,604.80
10253,49,Maxilaku,34,3,2,2009-08-10,40,16.00,0.00,640.00
10254,24,"Guaraná Fantástica",14,5,2,2009-08-11,15,3.60,0.15,53.92
10254,55,"Pâté chinois",14,5,2,2009-08-11,21,19.20,0.15,402.60
10254,74,"Longlife Tofu",14,5,2,2009-08-11,21,8.00,0.00,168.00
10255,2,Chang,68,9,3,2009-08-12,20,15.20,0.00,304.00
10255,16,Pavlova,68,9,3,2009-08-12,35,13.90,0.00,486.50
10255,36,"Inlagd Sill",68,9,3,2009-08-12,25,15.20,0.00,380.00
10255,59,"Raclette Courdavault",68,9,3,2009-08-12,30,44.00,0.00,1320.00
10256,53,"Perth Pasties",88,3,2,2009-08-15,15,26.20,0.00,393.00
10256,77,"Original Frankfurter grüne Soße",88,3,2,2009-08-15,12,10.40,0.00,124.80
10257,27,"Schoggi Schokolade",35,4,3,2009-08-16,25,35.10,0.00,877.50
10257,39,"Chartreuse verte",35,4,3,2009-08-16,6,14.40,0.00,86.40
10257,77,"Original Frankfurter grüne Soße",35,4,3,2009-08-16,15,10.40,0.00,156.00
10258,2,Chang,20,1,1,2009-08-17,50,15.20,0.20,758.48
10258,5,"Chef Anton's Gumbo Mix",20,1,1,2009-08-17,65,17.00,0.20,1102.79
10258,32,"Mascarpone Fabioli",20,1,1,2009-08-17,6,25.60,0.20,153.29
10259,21,"Sir Rodney's Scones",13,4,3,2009-08-18,10,8.00,0.00,80.00
10259,37,"Gravad lax",13,4,3,2009-08-18,1,20.80,0.00,20.80
10260,41,"Jack's New England Clam Chowder",56,4,1,2009-08-19,16,7.70,0.25,122.89
10260,57,"Ravioli Angelo",56,4,1,2009-08-19,50,15.60,0.00,780.00
10260,62,"Tarte au sucre",56,4,1,2009-08-19,15,39.40,0.25,589.52
10260,70,"Outback Lager",56,4,1,2009-08-19,21,12.00,0.25,251.37
10261,21,"Sir Rodney's Scones",61,4,2,2009-08-19,20,8.00,0.00,160.00
10261,35,"Steeleye Stout",61,4,2,2009-08-19,20,14.40,0.00,288.00
10262,5,"Chef Anton's Gumbo Mix",65,8,3,2009-08-22,12,17.00,0.20,203.59
10262,7,"Uncle Bob's Organic Dried Pears",65,8,3,2009-08-22,15,24.00,0.00,360.00
10262,56,"Gnocchi di nonna Alice",65,8,3,2009-08-22,2,30.40,0.00,60.80
10263,16,Pavlova,20,9,3,2009-08-23,60,13.90,0.25,831.92
10263,24,"Guaraná Fantástica",20,9,3,2009-08-23,28,3.60,0.00,100.80
10263,30,"Nord-Ost Matjeshering",20,9,3,2009-08-23,60,20.70,0.25,1238.90
10263,74,"Longlife Tofu",20,9,3,2009-08-23,36,8.00,0.25,287.28
10264,2,Chang,24,6,3,2009-08-24,35,15.20,0.00,532.00
10264,41,"Jack's New England Clam Chowder",24,6,3,2009-08-24,25,7.70,0.15,192.21
10265,17,"Alice Mutton",7,2,1,2009-08-25,30,31.20,0.00,936.00
10265,70,"Outback Lager",7,2,1,2009-08-25,20,12.00,0.00,240.00
10266,12,"Queso Manchego La Pastora",87,3,3,2009-08-26,12,30.40,0.05,364.62
10267,40,"Boston Crab Meat",25,4,1,2009-08-29,50,14.70,0.00,735.00
10267,59,"Raclette Courdavault",25,4,1,2009-08-29,70,44.00,0.15,3075.38
10267,76,Lakkalikööri,25,4,1,2009-08-29,15,14.40,0.15,215.68
10268,29,"Thüringer Rostbratwurst",33,8,3,2009-08-30,10,99.00,0.00,990.00
10268,72,"Mozzarella di Giovanni",33,8,3,2009-08-30,4,27.80,0.00,111.20
10269,33,Geitost,89,5,1,2009-08-31,60,2.00,0.05,119.94
10269,72,"Mozzarella di Giovanni",89,5,1,2009-08-31,20,27.80,0.05,555.72
10270,36,"Inlagd Sill",87,1,1,2009-09-01,30,15.20,0.00,456.00
10270,43,"Ipoh Coffee",87,1,1,2009-09-01,25,36.80,0.00,920.00
10271,33,Geitost,75,6,2,2009-09-01,24,2.00,0.00,48.00
10272,20,"Sir Rodney's Marmalade",65,6,2,2009-09-02,6,64.80,0.00,388.80
10272,31,"Gorgonzola Telino",65,6,2,2009-09-02,40,10.00,0.00,400.00
10272,72,"Mozzarella di Giovanni",65,6,2,2009-09-02,24,27.80,0.00,667.20
10273,10,Ikura,63,3,3,2009-09-05,24,24.80,0.05,594.90
10273,31,"Gorgonzola Telino",63,3,3,2009-09-05,15,10.00,0.05,149.93
10273,33,Geitost,63,3,3,2009-09-05,20,2.00,0.00,40.00
10273,40,"Boston Crab Meat",63,3,3,2009-09-05,60,14.70,0.05,881.56
10273,76,Lakkalikööri,63,3,3,2009-09-05,33,14.40,0.05,474.96
10274,71,Fløtemysost,85,6,1,2009-09-06,20,17.20,0.00,344.00
10274,72,"Mozzarella di Giovanni",85,6,1,2009-09-06,7,27.80,0.00,194.60
10275,24,"Guaraná Fantástica",49,1,1,2009-09-07,12,3.60,0.05,43.18
10275,59,"Raclette Courdavault",49,1,1,2009-09-07,6,44.00,0.05,263.87
10276,10,Ikura,80,8,3,2009-09-08,15,24.80,0.00,372.00
10276,13,Konbu,80,8,3,2009-09-08,10,4.80,0.00,48.00
10277,28,"Rössle Sauerkraut",52,2,3,2009-09-09,20,36.40,0.00,728.00
10277,62,"Tarte au sucre",52,2,3,2009-09-09,12,39.40,0.00,472.80
10278,44,"Gula Malacca",5,8,2,2009-09-12,16,15.50,0.00,248.00
10278,59,"Raclette Courdavault",5,8,2,2009-09-12,15,44.00,0.00,660.00
10278,63,Vegie-spread,5,8,2,2009-09-12,8,35.10,0.00,280.80
10278,73,"Röd Kaviar",5,8,2,2009-09-12,25,12.00,0.00,300.00
10279,17,"Alice Mutton",44,8,2,2009-09-13,15,31.20,0.25,466.83
10280,24,"Guaraná Fantástica",5,2,1,2009-09-14,12,3.60,0.00,43.20
10280,55,"Pâté chinois",5,2,1,2009-09-14,20,19.20,0.00,384.00
10280,75,"Rhönbräu Klosterbier",5,2,1,2009-09-14,30,6.20,0.00,186.00
10281,19,"Teatime Chocolate Biscuits",69,4,1,2009-09-14,1,7.30,0.00,7.30
10281,24,"Guaraná Fantástica",69,4,1,2009-09-14,6,3.60,0.00,21.60
10281,35,"Steeleye Stout",69,4,1,2009-09-14,4,14.40,0.00,57.60
10282,30,"Nord-Ost Matjeshering",69,4,1,2009-09-15,6,20.70,0.00,124.20
10282,57,"Ravioli Angelo",69,4,1,2009-09-15,2,15.60,0.00,31.20
10283,15,"Genen Shouyu",46,3,3,2009-09-16,20,12.40,0.00,248.00
10283,19,"Teatime Chocolate Biscuits",46,3,3,2009-09-16,18,7.30,0.00,131.40
10283,60,"Camembert Pierrot",46,3,3,2009-09-16,35,27.20,0.00,952.00
10283,72,"Mozzarella di Giovanni",46,3,3,2009-09-16,3,27.80,0.00,83.40
10284,27,"Schoggi Schokolade",44,4,1,2009-09-19,15,35.10,0.25,525.18
10284,44,"Gula Malacca",44,4,1,2009-09-19,21,15.50,0.00,325.50
10284,60,"Camembert Pierrot",44,4,1,2009-09-19,20,27.20,0.25,542.64
10284,67,"Laughing Lumberjack Lager",44,4,1,2009-09-19,5,11.20,0.25,55.86
10285,1,Chai,63,1,2,2009-09-20,45,14.40,0.20,646.70
10285,40,"Boston Crab Meat",63,1,2,2009-09-20,40,14.70,0.20,586.82
10285,53,"Perth Pasties",63,1,2,2009-09-20,36,26.20,0.20,941.31
10286,35,"Steeleye Stout",63,8,3,2009-09-21,100,14.40,0.00,1440.00
10286,62,"Tarte au sucre",63,8,3,2009-09-21,40,39.40,0.00,1576.00
10287,16,Pavlova,67,8,3,2009-09-22,40,13.90,0.15,555.17
10287,34,"Sasquatch Ale",67,8,3,2009-09-22,20,11.20,0.00,224.00
10287,46,Spegesild,67,8,3,2009-09-22,15,9.60,0.15,143.78
10288,54,Tourtière,66,4,1,2009-09-23,10,5.90,0.10,58.94
10288,68,"Scottish Longbreads",66,4,1,2009-09-23,3,10.00,0.10,29.97
10289,3,"Aniseed Syrup",11,7,3,2009-09-26,30,8.00,0.00,240.00
10289,64,"Wimmers gute Semmelknödel",11,7,3,2009-09-26,9,26.60,0.00,239.40
10290,5,"Chef Anton's Gumbo Mix",15,8,1,2009-09-27,20,17.00,0.00,340.00
10290,29,"Thüringer Rostbratwurst",15,8,1,2009-09-27,15,99.00,0.00,1485.00
10290,49,Maxilaku,15,8,1,2009-09-27,15,16.00,0.00,240.00
10290,77,"Original Frankfurter grüne Soße",15,8,1,2009-09-27,10,10.40,0.00,104.00
10291,13,Konbu,61,6,2,2009-09-27,20,4.80,0.10,95.90
10291,44,"Gula Malacca",61,6,2,2009-09-27,24,15.50,0.10,371.63
10291,51,"Manjimup Dried Apples",61,6,2,2009-09-27,2,42.40,0.10,84.72
10292,20,"Sir Rodney's Marmalade",81,1,2,2009-09-28,20,64.80,0.00,1296.00
10293,18,"Carnarvon Tigers",80,1,3,2009-09-29,12,50.00,0.00,600.00
10293,24,"Guaraná Fantástica",80,1,3,2009-09-29,10,3.60,0.00,36.00
10293,63,Vegie-spread,80,1,3,2009-09-29,5,35.10,0.00,175.50
10293,75,"Rhönbräu Klosterbier",80,1,3,2009-09-29,6,6.20,0.00,37.20
10294,1,Chai,65,4,2,2009-09-30,18,14.40,0.00,259.20
10294,17,"Alice Mutton",65,4,2,2009-09-30,15,31.20,0.00,468.00
10294,43,"Ipoh Coffee",65,4,2,2009-09-30,15,36.80,0.00,552.00
10294,60,"Camembert Pierrot",65,4,2,2009-09-30,21,27.20,0.00,571.20
10294,75,"Rhönbräu Klosterbier",65,4,2,2009-09-30,6,6.20,0.00,37.20
10295,56,"Gnocchi di nonna Alice",85,2,2,2009-10-03,4,30.40,0.00,121.60
10296,11,"Queso Cabrales",46,6,1,2009-10-04,12,16.80,0.00,201.60
10296,16,Pavlova,46,6,1,2009-10-04,30,13.90,0.00,417.00
10296,69,Gudbrandsdalsost,46,6,1,2009-10-04,15,28.80,0.00,432.00
10297,39,"Chartreuse verte",7,5,2,2009-10-05,60,14.40,0.00,864.00
10297,72,"Mozzarella di Giovanni",7,5,2,2009-10-05,20,27.80,0.00,556.00
10298,2,Chang,37,6,2,2009-10-06,40,15.20,0.00,608.00
10298,36,"Inlagd Sill",37,6,2,2009-10-06,40,15.20,0.25,606.48
10298,59,"Raclette Courdavault",37,6,2,2009-10-06,30,44.00,0.25,1316.70
10298,62,"Tarte au sucre",37,6,2,2009-10-06,15,39.40,0.00,591.00
10299,19,"Teatime Chocolate Biscuits",67,4,2,2009-10-07,15,7.30,0.00,109.50
10299,70,"Outback Lager",67,4,2,2009-10-07,20,12.00,0.00,240.00
10300,66,"Louisiana Hot Spiced Okra",49,2,2,2009-10-10,30,13.60,0.00,408.00
10300,68,"Scottish Longbreads",49,2,2,2009-10-10,20,10.00,0.00,200.00
10301,40,"Boston Crab Meat",86,8,2,2009-10-10,10,14.70,0.00,147.00
10301,56,"Gnocchi di nonna Alice",86,8,2,2009-10-10,20,30.40,0.00,608.00
10302,17,"Alice Mutton",76,4,2,2009-10-11,40,31.20,0.00,1248.00
10302,28,"Rössle Sauerkraut",76,4,2,2009-10-11,28,36.40,0.00,1019.20
10302,43,"Ipoh Coffee",76,4,2,2009-10-11,12,36.80,0.00,441.60
10303,40,"Boston Crab Meat",30,7,2,2009-10-12,40,14.70,0.10,587.41
10303,65,"Louisiana Fiery Hot Pepper Sauce",30,7,2,2009-10-12,30,16.80,0.10,503.50
10303,68,"Scottish Longbreads",30,7,2,2009-10-12,15,10.00,0.10,149.85
10304,49,Maxilaku,80,1,2,2009-10-13,30,16.00,0.00,480.00
10304,59,"Raclette Courdavault",80,1,2,2009-10-13,10,44.00,0.00,440.00
10304,71,Fløtemysost,80,1,2,2009-10-13,2,17.20,0.00,34.40
10305,18,"Carnarvon Tigers",55,8,3,2009-10-14,25,50.00,0.10,1248.75
10305,29,"Thüringer Rostbratwurst",55,8,3,2009-10-14,25,99.00,0.10,2472.53
10305,39,"Chartreuse verte",55,8,3,2009-10-14,30,14.40,0.10,431.57
10306,30,"Nord-Ost Matjeshering",69,1,3,2009-10-17,10,20.70,0.00,207.00
10306,53,"Perth Pasties",69,1,3,2009-10-17,10,26.20,0.00,262.00
10306,54,Tourtière,69,1,3,2009-10-17,5,5.90,0.00,29.50
10307,62,"Tarte au sucre",48,2,2,2009-10-18,10,39.40,0.00,394.00
10307,68,"Scottish Longbreads",48,2,2,2009-10-18,3,10.00,0.00,30.00
10308,69,Gudbrandsdalsost,2,7,3,2009-10-19,1,28.80,0.00,28.80
10308,70,"Outback Lager",2,7,3,2009-10-19,5,12.00,0.00,60.00
10309,4,"Chef Anton's Cajun Seasoning",37,3,1,2009-10-20,20,17.60,0.00,352.00
10309,6,"Grandma's Boysenberry Spread",37,3,1,2009-10-20,30,20.00,0.00,600.00
10309,42,"Singaporean Hokkien Fried Mee",37,3,1,2009-10-20,2,11.20,0.00,22.40
10309,43,"Ipoh Coffee",37,3,1,2009-10-20,20,36.80,0.00,736.00
10309,71,Fløtemysost,37,3,1,2009-10-20,3,17.20,0.00,51.60
10310,16,Pavlova,77,8,2,2009-10-21,10,13.90,0.00,139.00
10310,62,"Tarte au sucre",77,8,2,2009-10-21,5,39.40,0.00,197.00
10311,42,"Singaporean Hokkien Fried Mee",18,1,3,2009-10-21,6,11.20,0.00,67.20
10311,69,Gudbrandsdalsost,18,1,3,2009-10-21,7,28.80,0.00,201.60
10312,28,"Rössle Sauerkraut",86,2,2,2009-10-24,4,36.40,0.00,145.60
10312,43,"Ipoh Coffee",86,2,2,2009-10-24,24,36.80,0.00,883.20
10312,53,"Perth Pasties",86,2,2,2009-10-24,20,26.20,0.00,524.00
10312,75,"Rhönbräu Klosterbier",86,2,2,2009-10-24,10,6.20,0.00,62.00
10313,36,"Inlagd Sill",63,2,2,2009-10-25,12,15.20,0.00,182.40
10314,32,"Mascarpone Fabioli",65,1,2,2009-10-26,40,25.60,0.10,1022.98
10314,58,"Escargots de Bourgogne",65,1,2,2009-10-26,30,10.60,0.10,317.68
10314,62,"Tarte au sucre",65,1,2,2009-10-26,25,39.40,0.10,984.02
10315,34,"Sasquatch Ale",38,4,2,2009-10-27,14,11.20,0.00,156.80
10315,70,"Outback Lager",38,4,2,2009-10-27,30,12.00,0.00,360.00
10316,41,"Jack's New England Clam Chowder",65,1,3,2009-10-28,10,7.70,0.00,77.00
10316,62,"Tarte au sucre",65,1,3,2009-10-28,70,39.40,0.00,2758.00
10317,1,Chai,48,6,1,2009-10-31,20,14.40,0.00,288.00
10318,41,"Jack's New England Clam Chowder",38,8,2,2009-11-01,20,7.70,0.00,154.00
10318,76,Lakkalikööri,38,8,2,2009-11-01,6,14.40,0.00,86.40
10319,17,"Alice Mutton",80,7,3,2009-11-02,8,31.20,0.00,249.60
10319,28,"Rössle Sauerkraut",80,7,3,2009-11-02,14,36.40,0.00,509.60
10319,76,Lakkalikööri,80,7,3,2009-11-02,30,14.40,0.00,432.00
10320,71,Fløtemysost,87,5,3,2009-11-03,30,17.20,0.00,516.00
10321,35,"Steeleye Stout",38,3,2,2009-11-03,10,14.40,0.00,144.00
10322,52,"Filo Mix",58,7,3,2009-11-04,20,5.60,0.00,112.00
10323,15,"Genen Shouyu",39,4,1,2009-11-07,5,12.40,0.00,62.00
10323,25,"NuNuCa Nuß-Nougat-Creme",39,4,1,2009-11-07,4,11.20,0.00,44.80
10323,39,"Chartreuse verte",39,4,1,2009-11-07,4,14.40,0.00,57.60
10324,16,Pavlova,71,9,1,2009-11-08,21,13.90,0.15,291.46
10324,35,"Steeleye Stout",71,9,1,2009-11-08,70,14.40,0.15,1006.49
10324,46,Spegesild,71,9,1,2009-11-08,30,9.60,0.00,288.00
10324,59,"Raclette Courdavault",71,9,1,2009-11-08,40,44.00,0.15,1757.36
10324,63,Vegie-spread,71,9,1,2009-11-08,80,35.10,0.15,2803.79
10325,6,"Grandma's Boysenberry Spread",39,1,3,2009-11-09,6,20.00,0.00,120.00
10325,13,Konbu,39,1,3,2009-11-09,12,4.80,0.00,57.60
10325,14,Tofu,39,1,3,2009-11-09,9,18.60,0.00,167.40
10325,31,"Gorgonzola Telino",39,1,3,2009-11-09,4,10.00,0.00,40.00
10325,72,"Mozzarella di Giovanni",39,1,3,2009-11-09,40,27.80,0.00,1112.00
10326,4,"Chef Anton's Cajun Seasoning",8,4,2,2009-11-10,24,17.60,0.00,422.40
10326,57,"Ravioli Angelo",8,4,2,2009-11-10,16,15.60,0.00,249.60
10326,75,"Rhönbräu Klosterbier",8,4,2,2009-11-10,50,6.20,0.00,310.00
10327,2,Chang,24,2,1,2009-11-11,25,15.20,0.20,379.24
10327,11,"Queso Cabrales",24,2,1,2009-11-11,50,16.80,0.20,838.32
10327,30,"Nord-Ost Matjeshering",24,2,1,2009-11-11,35,20.70,0.20,723.05
10327,58,"Escargots de Bourgogne",24,2,1,2009-11-11,30,10.60,0.20,317.36
10328,59,"Raclette Courdavault",28,4,3,2009-11-14,9,44.00,0.00,396.00
10328,65,"Louisiana Fiery Hot Pepper Sauce",28,4,3,2009-11-14,40,16.80,0.00,672.00
10328,68,"Scottish Longbreads",28,4,3,2009-11-14,10,10.00,0.00,100.00
10329,19,"Teatime Chocolate Biscuits",75,4,2,2009-11-15,10,7.30,0.05,72.96
10329,30,"Nord-Ost Matjeshering",75,4,2,2009-11-15,8,20.70,0.05,165.52
10329,38,"Côte de Blaye",75,4,2,2009-11-15,20,210.80,0.05,4213.89
10329,56,"Gnocchi di nonna Alice",75,4,2,2009-11-15,12,30.40,0.05,364.62
10330,26,"Gumbär Gummibärchen",46,3,1,2009-11-16,50,24.90,0.15,1243.13
10330,72,"Mozzarella di Giovanni",46,3,1,2009-11-16,25,27.80,0.15,693.96
10331,54,Tourtière,9,9,1,2009-11-16,15,5.90,0.00,88.50
10332,18,"Carnarvon Tigers",51,3,2,2009-11-17,40,50.00,0.20,1996.00
10332,42,"Singaporean Hokkien Fried Mee",51,3,2,2009-11-17,10,11.20,0.20,111.78
10332,47,"Zaanse koeken",51,3,2,2009-11-17,16,7.60,0.20,121.36
10333,14,Tofu,87,5,3,2009-11-18,10,18.60,0.00,186.00
10333,21,"Sir Rodney's Scones",87,5,3,2009-11-18,10,8.00,0.10,79.92
10333,71,Fløtemysost,87,5,3,2009-11-18,40,17.20,0.10,687.31
10334,52,"Filo Mix",84,8,2,2009-11-21,8,5.60,0.00,44.80
10334,68,"Scottish Longbreads",84,8,2,2009-11-21,10,10.00,0.00,100.00
10335,2,Chang,37,7,2,2009-11-22,7,15.20,0.20,106.19
10335,31,"Gorgonzola Telino",37,7,2,2009-11-22,25,10.00,0.20,249.50
10335,32,"Mascarpone Fabioli",37,7,2,2009-11-22,6,25.60,0.20,153.29
10335,51,"Manjimup Dried Apples",37,7,2,2009-11-22,48,42.40,0.20,2031.13
10336,4,"Chef Anton's Cajun Seasoning",60,7,2,2009-11-23,18,17.60,0.10,316.48
10337,23,Tunnbröd,25,4,3,2009-11-24,40,7.20,0.00,288.00
10337,26,"Gumbär Gummibärchen",25,4,3,2009-11-24,24,24.90,0.00,597.60
10337,36,"Inlagd Sill",25,4,3,2009-11-24,20,15.20,0.00,304.00
10337,37,"Gravad lax",25,4,3,2009-11-24,28,20.80,0.00,582.40
10337,72,"Mozzarella di Giovanni",25,4,3,2009-11-24,25,27.80,0.00,695.00
10338,17,"Alice Mutton",55,4,3,2009-11-25,20,31.20,0.00,624.00
10338,30,"Nord-Ost Matjeshering",55,4,3,2009-11-25,15,20.70,0.00,310.50
10339,4,"Chef Anton's Cajun Seasoning",51,2,2,2009-11-28,10,17.60,0.00,176.00
10339,17,"Alice Mutton",51,2,2,2009-11-28,70,31.20,0.05,2182.91
10339,62,"Tarte au sucre",51,2,2,2009-11-28,28,39.40,0.00,1103.20
10340,18,"Carnarvon Tigers",9,1,3,2009-11-29,20,50.00,0.05,999.50
10340,41,"Jack's New England Clam Chowder",9,1,3,2009-11-29,12,7.70,0.05,92.35
10340,43,"Ipoh Coffee",9,1,3,2009-11-29,40,36.80,0.05,1471.26
10341,33,Geitost,73,7,3,2009-11-29,8,2.00,0.00,16.00
10341,59,"Raclette Courdavault",73,7,3,2009-11-29,9,44.00,0.15,395.41
10342,2,Chang,25,4,2,2009-11-30,24,15.20,0.20,364.07
10342,31,"Gorgonzola Telino",25,4,2,2009-11-30,56,10.00,0.20,558.88
10342,36,"Inlagd Sill",25,4,2,2009-11-30,40,15.20,0.20,606.78
10342,55,"Pâté chinois",25,4,2,2009-11-30,40,19.20,0.20,766.46
10343,64,"Wimmers gute Semmelknödel",44,4,1,2009-12-01,50,26.60,0.00,1330.00
10343,68,"Scottish Longbreads",44,4,1,2009-12-01,4,10.00,0.05,39.98
10343,76,Lakkalikööri,44,4,1,2009-12-01,15,14.40,0.00,216.00
10344,4,"Chef Anton's Cajun Seasoning",89,4,2,2009-12-02,35,17.60,0.00,616.00
10344,8,"Northwoods Cranberry Sauce",89,4,2,2009-12-02,70,32.00,0.25,2234.40
10345,8,"Northwoods Cranberry Sauce",63,2,2,2009-12-05,70,32.00,0.00,2240.00
10345,19,"Teatime Chocolate Biscuits",63,2,2,2009-12-05,80,7.30,0.00,584.00
10345,42,"Singaporean Hokkien Fried Mee",63,2,2,2009-12-05,9,11.20,0.00,100.80
10346,17,"Alice Mutton",65,3,3,2009-12-06,36,31.20,0.10,1122.08
10346,56,"Gnocchi di nonna Alice",65,3,3,2009-12-06,20,30.40,0.00,608.00
10347,25,"NuNuCa Nuß-Nougat-Creme",21,4,3,2009-12-07,10,11.20,0.00,112.00
10347,39,"Chartreuse verte",21,4,3,2009-12-07,50,14.40,0.15,718.92
10347,40,"Boston Crab Meat",21,4,3,2009-12-07,4,14.70,0.00,58.80
10347,75,"Rhönbräu Klosterbier",21,4,3,2009-12-07,6,6.20,0.15,37.14
10348,1,Chai,86,4,2,2009-12-08,15,14.40,0.15,215.68
10348,23,Tunnbröd,86,4,2,2009-12-08,25,7.20,0.00,180.00
10349,54,Tourtière,75,7,1,2009-12-09,24,5.90,0.00,141.60
10350,50,"Valkoinen suklaa",41,6,2,2009-12-12,15,13.00,0.10,194.81
10350,69,Gudbrandsdalsost,41,6,2,2009-12-12,18,28.80,0.10,517.88
10351,38,"Côte de Blaye",20,1,1,2009-12-12,20,210.80,0.05,4213.89
10351,41,"Jack's New England Clam Chowder",20,1,1,2009-12-12,13,7.70,0.00,100.10
10351,44,"Gula Malacca",20,1,1,2009-12-12,77,15.50,0.05,1192.90
10351,65,"Louisiana Fiery Hot Pepper Sauce",20,1,1,2009-12-12,10,16.80,0.05,167.92
10352,24,"Guaraná Fantástica",28,3,3,2009-12-13,10,3.60,0.00,36.00
10352,54,Tourtière,28,3,3,2009-12-13,20,5.90,0.15,117.82
10353,11,"Queso Cabrales",59,7,3,2009-12-14,12,16.80,0.20,201.20
10353,38,"Côte de Blaye",59,7,3,2009-12-14,50,210.80,0.20,10518.92
10354,1,Chai,58,8,3,2009-12-15,12,14.40,0.00,172.80
10354,29,"Thüringer Rostbratwurst",58,8,3,2009-12-15,4,99.00,0.00,396.00
10355,24,"Guaraná Fantástica",4,6,1,2009-12-16,25,3.60,0.00,90.00
10355,57,"Ravioli Angelo",4,6,1,2009-12-16,25,15.60,0.00,390.00
10356,31,"Gorgonzola Telino",86,6,2,2009-12-19,30,10.00,0.00,300.00
10356,55,"Pâté chinois",86,6,2,2009-12-19,12,19.20,0.00,230.40
10356,69,Gudbrandsdalsost,86,6,2,2009-12-19,20,28.80,0.00,576.00
10357,10,Ikura,46,1,3,2009-12-20,30,24.80,0.20,742.51
10357,26,"Gumbär Gummibärchen",46,1,3,2009-12-20,16,24.90,0.00,398.40
10357,60,"Camembert Pierrot",46,1,3,2009-12-20,8,27.20,0.20,217.16
10358,24,"Guaraná Fantástica",41,5,1,2009-12-21,10,3.60,0.05,35.98
10358,34,"Sasquatch Ale",41,5,1,2009-12-21,10,11.20,0.05,111.94
10358,36,"Inlagd Sill",41,5,1,2009-12-21,20,15.20,0.05,303.85
10359,16,Pavlova,72,5,3,2009-12-22,56,13.90,0.05,778.01
10359,31,"Gorgonzola Telino",72,5,3,2009-12-22,70,10.00,0.05,699.65
10359,60,"Camembert Pierrot",72,5,3,2009-12-22,80,27.20,0.05,2174.91
10360,28,"Rössle Sauerkraut",7,4,3,2009-12-23,30,36.40,0.00,1092.00
10360,29,"Thüringer Rostbratwurst",7,4,3,2009-12-23,35,99.00,0.00,3465.00
10360,38,"Côte de Blaye",7,4,3,2009-12-23,10,210.80,0.00,2108.00
10360,49,Maxilaku,7,4,3,2009-12-23,35,16.00,0.00,560.00
10360,54,Tourtière,7,4,3,2009-12-23,28,5.90,0.00,165.20
10361,39,"Chartreuse verte",63,1,2,2009-12-23,54,14.40,0.10,776.82
10361,60,"Camembert Pierrot",63,1,2,2009-12-23,55,27.20,0.10,1494.50
10362,25,"NuNuCa Nuß-Nougat-Creme",9,3,1,2009-12-26,50,11.20,0.00,560.00
10362,51,"Manjimup Dried Apples",9,3,1,2009-12-26,20,42.40,0.00,848.00
10362,54,Tourtière,9,3,1,2009-12-26,24,5.90,0.00,141.60
10363,31,"Gorgonzola Telino",17,4,3,2009-12-27,20,10.00,0.00,200.00
10363,75,"Rhönbräu Klosterbier",17,4,3,2009-12-27,12,6.20,0.00,74.40
10363,76,Lakkalikööri,17,4,3,2009-12-27,12,14.40,0.00,172.80
10364,69,Gudbrandsdalsost,19,1,1,2009-12-27,30,28.80,0.00,864.00
10364,71,Fløtemysost,19,1,1,2009-12-27,5,17.20,0.00,86.00
10365,11,"Queso Cabrales",3,3,2,2009-12-28,24,16.80,0.00,403.20
10366,65,"Louisiana Fiery Hot Pepper Sauce",29,8,2,2009-12-28,5,16.80,0.00,84.00
10366,77,"Original Frankfurter grüne Soße",29,8,2,2009-12-28,5,10.40,0.00,52.00
10367,34,"Sasquatch Ale",83,7,3,2009-12-28,36,11.20,0.00,403.20
10367,54,Tourtière,83,7,3,2009-12-28,18,5.90,0.00,106.20
10367,65,"Louisiana Fiery Hot Pepper Sauce",83,7,3,2009-12-28,15,16.80,0.00,252.00
10367,77,"Original Frankfurter grüne Soße",83,7,3,2009-12-28,7,10.40,0.00,72.80
10368,21,"Sir Rodney's Scones",20,2,2,2009-12-28,5,8.00,0.10,39.96
10368,28,"Rössle Sauerkraut",20,2,2,2009-12-28,13,36.40,0.10,472.73
10368,57,"Ravioli Angelo",20,2,2,2009-12-28,25,15.60,0.00,390.00
10368,64,"Wimmers gute Semmelknödel",20,2,2,2009-12-28,35,26.60,0.10,930.07
10369,29,"Thüringer Rostbratwurst",75,8,2,2010-01-02,20,99.00,0.00,1980.00
10369,56,"Gnocchi di nonna Alice",75,8,2,2010-01-02,18,30.40,0.25,545.83
10370,1,Chai,14,6,2,2010-01-03,15,14.40,0.15,215.68
10370,64,"Wimmers gute Semmelknödel",14,6,2,2010-01-03,30,26.60,0.00,798.00
10370,74,"Longlife Tofu",14,6,2,2010-01-03,20,8.00,0.15,159.76
10371,36,"Inlagd Sill",41,1,1,2010-01-03,6,15.20,0.20,91.02
10372,20,"Sir Rodney's Marmalade",62,5,2,2010-01-04,12,64.80,0.25,775.66
10372,38,"Côte de Blaye",62,5,2,2010-01-04,40,210.80,0.25,8410.92
10372,60,"Camembert Pierrot",62,5,2,2010-01-04,70,27.20,0.25,1899.24
10372,72,"Mozzarella di Giovanni",62,5,2,2010-01-04,42,27.80,0.25,1164.68
10373,58,"Escargots de Bourgogne",37,4,3,2010-01-05,80,10.60,0.20,846.30
10373,71,Fløtemysost,37,4,3,2010-01-05,50,17.20,0.20,858.28
10374,31,"Gorgonzola Telino",91,1,3,2010-01-05,30,10.00,0.00,300.00
10374,58,"Escargots de Bourgogne",91,1,3,2010-01-05,15,10.60,0.00,159.00
10375,14,Tofu,36,3,2,2010-01-06,15,18.60,0.00,279.00
10375,54,Tourtière,36,3,2,2010-01-06,10,5.90,0.00,59.00
10376,31,"Gorgonzola Telino",51,1,2,2010-01-09,42,10.00,0.05,419.79
10377,28,"Rössle Sauerkraut",72,1,3,2010-01-09,20,36.40,0.15,726.91
10377,39,"Chartreuse verte",72,1,3,2010-01-09,20,14.40,0.15,287.57
10378,71,Fløtemysost,24,5,3,2010-01-10,6,17.20,0.00,103.20
10379,41,"Jack's New England Clam Chowder",61,2,1,2010-01-11,8,7.70,0.10,61.54
10379,63,Vegie-spread,61,2,1,2010-01-11,16,35.10,0.10,561.04
10379,65,"Louisiana Fiery Hot Pepper Sauce",61,2,1,2010-01-11,20,16.80,0.10,335.66
10380,30,"Nord-Ost Matjeshering",37,8,3,2010-01-12,18,20.70,0.10,372.23
10380,53,"Perth Pasties",37,8,3,2010-01-12,20,26.20,0.10,523.48
10380,60,"Camembert Pierrot",37,8,3,2010-01-12,6,27.20,0.10,163.04
10380,70,"Outback Lager",37,8,3,2010-01-12,30,12.00,0.00,360.00
10381,74,"Longlife Tofu",46,3,3,2010-01-12,14,8.00,0.00,112.00
10382,5,"Chef Anton's Gumbo Mix",20,4,1,2010-01-13,32,17.00,0.00,544.00
10382,18,"Carnarvon Tigers",20,4,1,2010-01-13,9,50.00,0.00,450.00
10382,29,"Thüringer Rostbratwurst",20,4,1,2010-01-13,14,99.00,0.00,1386.00
10382,33,Geitost,20,4,1,2010-01-13,60,2.00,0.00,120.00
10382,74,"Longlife Tofu",20,4,1,2010-01-13,50,8.00,0.00,400.00
10383,13,Konbu,4,8,3,2010-01-16,20,4.80,0.00,96.00
10383,50,"Valkoinen suklaa",4,8,3,2010-01-16,15,13.00,0.00,195.00
10383,56,"Gnocchi di nonna Alice",4,8,3,2010-01-16,20,30.40,0.00,608.00
10384,20,"Sir Rodney's Marmalade",5,3,3,2010-01-16,28,64.80,0.00,1814.40
10384,60,"Camembert Pierrot",5,3,3,2010-01-16,15,27.20,0.00,408.00
10385,7,"Uncle Bob's Organic Dried Pears",75,1,2,2010-01-17,10,24.00,0.20,239.52
10385,60,"Camembert Pierrot",75,1,2,2010-01-17,20,27.20,0.20,542.91
10385,68,"Scottish Longbreads",75,1,2,2010-01-17,8,10.00,0.20,79.84
10386,24,"Guaraná Fantástica",21,9,3,2010-01-18,15,3.60,0.00,54.00
10386,34,"Sasquatch Ale",21,9,3,2010-01-18,10,11.20,0.00,112.00
10387,24,"Guaraná Fantástica",70,1,2,2010-01-18,15,3.60,0.00,54.00
10387,28,"Rössle Sauerkraut",70,1,2,2010-01-18,6,36.40,0.00,218.40
10387,59,"Raclette Courdavault",70,1,2,2010-01-18,12,44.00,0.00,528.00
10387,71,Fløtemysost,70,1,2,2010-01-18,15,17.20,0.00,258.00
10388,45,"Røgede sild",72,2,1,2010-01-19,15,7.60,0.20,113.77
10388,52,"Filo Mix",72,2,1,2010-01-19,20,5.60,0.20,111.78
10388,53,"Perth Pasties",72,2,1,2010-01-19,40,26.20,0.00,1048.00
10389,10,Ikura,10,4,2,2010-01-20,16,24.80,0.00,396.80
10389,55,"Pâté chinois",10,4,2,2010-01-20,15,19.20,0.00,288.00
10389,62,"Tarte au sucre",10,4,2,2010-01-20,20,39.40,0.00,788.00
10389,70,"Outback Lager",10,4,2,2010-01-20,30,12.00,0.00,360.00
10390,31,"Gorgonzola Telino",20,6,1,2010-01-23,60,10.00,0.10,599.40
10390,35,"Steeleye Stout",20,6,1,2010-01-23,40,14.40,0.10,575.42
10390,46,Spegesild,20,6,1,2010-01-23,45,9.60,0.00,432.00
10390,72,"Mozzarella di Giovanni",20,6,1,2010-01-23,24,27.80,0.10,666.53
10391,13,Konbu,17,3,3,2010-01-23,18,4.80,0.00,86.40
10392,69,Gudbrandsdalsost,59,2,3,2010-01-24,50,28.80,0.00,1440.00
10393,2,Chang,71,1,3,2010-01-25,25,15.20,0.25,379.05
10393,14,Tofu,71,1,3,2010-01-25,42,18.60,0.25,779.25
10393,25,"NuNuCa Nuß-Nougat-Creme",71,1,3,2010-01-25,7,11.20,0.25,78.20
10393,26,"Gumbär Gummibärchen",71,1,3,2010-01-25,70,24.90,0.25,1738.64
10393,31,"Gorgonzola Telino",71,1,3,2010-01-25,32,10.00,0.00,320.00
10394,13,Konbu,36,1,3,2010-01-25,10,4.80,0.00,48.00
10394,62,"Tarte au sucre",36,1,3,2010-01-25,10,39.40,0.00,394.00
10395,46,Spegesild,35,6,1,2010-01-26,28,9.60,0.10,268.53
10395,53,"Perth Pasties",35,6,1,2010-01-26,70,26.20,0.10,1832.17
10395,69,Gudbrandsdalsost,35,6,1,2010-01-26,8,28.80,0.00,230.40
10396,23,Tunnbröd,25,1,3,2010-01-27,40,7.20,0.00,288.00
10396,71,Fløtemysost,25,1,3,2010-01-27,60,17.20,0.00,1032.00
10396,72,"Mozzarella di Giovanni",25,1,3,2010-01-27,21,27.80,0.00,583.80
10397,21,"Sir Rodney's Scones",60,5,1,2010-01-27,10,8.00,0.15,79.88
10397,51,"Manjimup Dried Apples",60,5,1,2010-01-27,18,42.40,0.15,762.06
10398,35,"Steeleye Stout",71,2,3,2010-01-30,30,14.40,0.00,432.00
10398,55,"Pâté chinois",71,2,3,2010-01-30,120,19.20,0.10,2301.70
10399,68,"Scottish Longbreads",83,8,3,2010-01-31,60,10.00,0.00,600.00
10399,71,Fløtemysost,83,8,3,2010-01-31,30,17.20,0.00,516.00
10399,76,Lakkalikööri,83,8,3,2010-01-31,35,14.40,0.00,504.00
10399,77,"Original Frankfurter grüne Soße",83,8,3,2010-01-31,14,10.40,0.00,145.60
10400,29,"Thüringer Rostbratwurst",19,1,3,2010-02-01,21,99.00,0.00,2079.00
10400,35,"Steeleye Stout",19,1,3,2010-02-01,35,14.40,0.00,504.00
10400,49,Maxilaku,19,1,3,2010-02-01,30,16.00,0.00,480.00
10401,30,"Nord-Ost Matjeshering",65,1,1,2010-02-01,18,20.70,0.00,372.60
10401,56,"Gnocchi di nonna Alice",65,1,1,2010-02-01,70,30.40,0.00,2128.00
10401,65,"Louisiana Fiery Hot Pepper Sauce",65,1,1,2010-02-01,20,16.80,0.00,336.00
10401,71,Fløtemysost,65,1,1,2010-02-01,60,17.20,0.00,1032.00
10402,23,Tunnbröd,20,8,2,2010-02-02,60,7.20,0.00,432.00
10402,63,Vegie-spread,20,8,2,2010-02-02,65,35.10,0.00,2281.50
10403,16,Pavlova,20,4,3,2010-02-03,21,13.90,0.15,291.46
10403,48,Chocolade,20,4,3,2010-02-03,70,10.20,0.15,712.93
10404,26,"Gumbär Gummibärchen",49,2,1,2010-02-03,30,24.90,0.05,746.63
10404,42,"Singaporean Hokkien Fried Mee",49,2,1,2010-02-03,40,11.20,0.05,447.78
10404,49,Maxilaku,49,2,1,2010-02-03,30,16.00,0.05,479.76
10405,3,"Aniseed Syrup",47,1,1,2010-02-06,50,8.00,0.00,400.00
10406,1,Chai,62,7,1,2010-02-07,10,14.40,0.00,144.00
10406,21,"Sir Rodney's Scones",62,7,1,2010-02-07,30,8.00,0.10,239.76
10406,28,"Rössle Sauerkraut",62,7,1,2010-02-07,42,36.40,0.10,1527.27
10406,36,"Inlagd Sill",62,7,1,2010-02-07,5,15.20,0.10,75.92
10406,40,"Boston Crab Meat",62,7,1,2010-02-07,2,14.70,0.10,29.37
10407,11,"Queso Cabrales",56,2,2,2010-02-07,30,16.80,0.00,504.00
10407,69,Gudbrandsdalsost,56,2,2,2010-02-07,15,28.80,0.00,432.00
10407,71,Fløtemysost,56,2,2,2010-02-07,15,17.20,0.00,258.00
10408,37,"Gravad lax",23,8,1,2010-02-08,10,20.80,0.00,208.00
10408,54,Tourtière,23,8,1,2010-02-08,6,5.90,0.00,35.40
10408,62,"Tarte au sucre",23,8,1,2010-02-08,35,39.40,0.00,1379.00
10409,14,Tofu,54,3,1,2010-02-09,12,18.60,0.00,223.20
10409,21,"Sir Rodney's Scones",54,3,1,2010-02-09,12,8.00,0.00,96.00
10410,33,Geitost,10,3,3,2010-02-10,49,2.00,0.00,98.00
10410,59,"Raclette Courdavault",10,3,3,2010-02-10,16,44.00,0.00,704.00
10411,41,"Jack's New England Clam Chowder",10,9,3,2010-02-10,25,7.70,0.20,192.12
10411,44,"Gula Malacca",10,9,3,2010-02-10,40,15.50,0.20,618.76
10411,59,"Raclette Courdavault",10,9,3,2010-02-10,9,44.00,0.20,395.21
10412,14,Tofu,87,8,2,2010-02-13,20,18.60,0.10,371.63
10413,1,Chai,41,3,2,2010-02-14,24,14.40,0.00,345.60
10413,62,"Tarte au sucre",41,3,2,2010-02-14,40,39.40,0.00,1576.00
10413,76,Lakkalikööri,41,3,2,2010-02-14,14,14.40,0.00,201.60
10414,19,"Teatime Chocolate Biscuits",21,2,3,2010-02-14,18,7.30,0.05,131.33
10414,33,Geitost,21,2,3,2010-02-14,50,2.00,0.00,100.00
10415,17,"Alice Mutton",36,3,1,2010-02-15,2,31.20,0.00,62.40
10415,33,Geitost,36,3,1,2010-02-15,20,2.00,0.00,40.00
10416,19,"Teatime Chocolate Biscuits",87,8,3,2010-02-16,20,7.30,0.00,146.00
10416,53,"Perth Pasties",87,8,3,2010-02-16,10,26.20,0.00,262.00
10416,57,"Ravioli Angelo",87,8,3,2010-02-16,20,15.60,0.00,312.00
10417,38,"Côte de Blaye",73,4,3,2010-02-16,50,210.80,0.00,10540.00
10417,46,Spegesild,73,4,3,2010-02-16,2,9.60,0.25,19.15
10417,68,"Scottish Longbreads",73,4,3,2010-02-16,36,10.00,0.25,359.10
10417,77,"Original Frankfurter grüne Soße",73,4,3,2010-02-16,35,10.40,0.00,364.00
10418,2,Chang,63,4,1,2010-02-17,60,15.20,0.00,912.00
10418,47,"Zaanse koeken",63,4,1,2010-02-17,55,7.60,0.00,418.00
10418,61,"Sirop d'érable",63,4,1,2010-02-17,16,22.80,0.00,364.80
10418,74,"Longlife Tofu",63,4,1,2010-02-17,15,8.00,0.00,120.00
10419,60,"Camembert Pierrot",68,4,2,2010-02-20,60,27.20,0.05,1631.18
10419,69,Gudbrandsdalsost,68,4,2,2010-02-20,20,28.80,0.05,575.71
10420,9,"Mishi Kobe Niku",88,3,1,2010-02-21,20,77.60,0.10,1550.45
10420,13,Konbu,88,3,1,2010-02-21,2,4.80,0.10,9.59
10420,70,"Outback Lager",88,3,1,2010-02-21,8,12.00,0.10,95.90
10420,73,"Röd Kaviar",88,3,1,2010-02-21,20,12.00,0.10,239.76
10421,19,"Teatime Chocolate Biscuits",61,8,1,2010-02-21,4,7.30,0.15,29.16
10421,26,"Gumbär Gummibärchen",61,8,1,2010-02-21,30,24.90,0.00,747.00
10421,53,"Perth Pasties",61,8,1,2010-02-21,15,26.20,0.15,392.41
10421,77,"Original Frankfurter grüne Soße",61,8,1,2010-02-21,10,10.40,0.15,103.84
10422,26,"Gumbär Gummibärchen",27,2,1,2010-02-22,2,24.90,0.00,49.80
10423,31,"Gorgonzola Telino",31,6,3,2010-02-23,14,10.00,0.00,140.00
10423,59,"Raclette Courdavault",31,6,3,2010-02-23,20,44.00,0.00,880.00
10424,35,"Steeleye Stout",51,7,2,2010-02-23,60,14.40,0.20,862.27
10424,38,"Côte de Blaye",51,7,2,2010-02-23,49,210.80,0.20,10308.54
10424,68,"Scottish Longbreads",51,7,2,2010-02-23,30,10.00,0.20,299.40
10425,55,"Pâté chinois",41,6,2,2010-02-24,10,19.20,0.25,191.52
10425,76,Lakkalikööri,41,6,2,2010-02-24,20,14.40,0.25,287.28
10426,56,"Gnocchi di nonna Alice",29,4,1,2010-02-27,5,30.40,0.00,152.00
10426,64,"Wimmers gute Semmelknödel",29,4,1,2010-02-27,7,26.60,0.00,186.20
10427,14,Tofu,59,4,2,2010-02-27,35,18.60,0.00,651.00
10428,46,Spegesild,66,7,1,2010-02-28,20,9.60,0.00,192.00
10429,50,"Valkoinen suklaa",37,3,2,2010-03-01,40,13.00,0.00,520.00
10429,63,Vegie-spread,37,3,2,2010-03-01,35,35.10,0.25,1225.43
10430,17,"Alice Mutton",20,4,1,2010-03-02,45,31.20,0.20,1401.19
10430,21,"Sir Rodney's Scones",20,4,1,2010-03-02,50,8.00,0.00,400.00
10430,56,"Gnocchi di nonna Alice",20,4,1,2010-03-02,30,30.40,0.00,912.00
10430,59,"Raclette Courdavault",20,4,1,2010-03-02,70,44.00,0.20,3073.84
10431,17,"Alice Mutton",10,4,2,2010-03-02,50,31.20,0.25,1556.10
10431,40,"Boston Crab Meat",10,4,2,2010-03-02,50,14.70,0.25,733.16
10431,47,"Zaanse koeken",10,4,2,2010-03-02,30,7.60,0.25,227.43
10432,26,"Gumbär Gummibärchen",75,3,2,2010-03-03,10,24.90,0.00,249.00
10432,54,Tourtière,75,3,2,2010-03-03,40,5.90,0.00,236.00
10433,56,"Gnocchi di nonna Alice",60,3,3,2010-03-06,28,30.40,0.00,851.20
10434,11,"Queso Cabrales",24,3,2,2010-03-06,6,16.80,0.00,100.80
10434,76,Lakkalikööri,24,3,2,2010-03-06,18,14.40,0.15,258.81
10435,2,Chang,16,8,2,2010-03-07,10,15.20,0.00,152.00
10435,22,"Gustaf's Knäckebröd",16,8,2,2010-03-07,12,16.80,0.00,201.60
10435,72,"Mozzarella di Giovanni",16,8,2,2010-03-07,10,27.80,0.00,278.00
10436,46,Spegesild,7,3,2,2010-03-08,5,9.60,0.00,48.00
10436,56,"Gnocchi di nonna Alice",7,3,2,2010-03-08,40,30.40,0.10,1214.78
10436,64,"Wimmers gute Semmelknödel",7,3,2,2010-03-08,30,26.60,0.10,797.20
10436,75,"Rhönbräu Klosterbier",7,3,2,2010-03-08,24,6.20,0.10,148.65
10437,53,"Perth Pasties",87,8,1,2010-03-08,15,26.20,0.00,393.00
10438,19,"Teatime Chocolate Biscuits",79,3,2,2010-03-09,15,7.30,0.20,109.28
10438,34,"Sasquatch Ale",79,3,2,2010-03-09,20,11.20,0.20,223.55
10438,57,"Ravioli Angelo",79,3,2,2010-03-09,15,15.60,0.20,233.53
10439,12,"Queso Manchego La Pastora",51,6,3,2010-03-10,15,30.40,0.00,456.00
10439,16,Pavlova,51,6,3,2010-03-10,16,13.90,0.00,222.40
10439,64,"Wimmers gute Semmelknödel",51,6,3,2010-03-10,6,26.60,0.00,159.60
10439,74,"Longlife Tofu",51,6,3,2010-03-10,30,8.00,0.00,240.00
10440,2,Chang,71,4,2,2010-03-13,45,15.20,0.15,682.97
10440,16,Pavlova,71,4,2,2010-03-13,49,13.90,0.15,680.08
10440,29,"Thüringer Rostbratwurst",71,4,2,2010-03-13,24,99.00,0.15,2372.44
10440,61,"Sirop d'érable",71,4,2,2010-03-13,90,22.80,0.15,2048.92
10441,27,"Schoggi Schokolade",55,3,2,2010-03-13,50,35.10,0.00,1755.00
10442,11,"Queso Cabrales",20,3,2,2010-03-14,30,16.80,0.00,504.00
10442,54,Tourtière,20,3,2,2010-03-14,80,5.90,0.00,472.00
10442,66,"Louisiana Hot Spiced Okra",20,3,2,2010-03-14,60,13.60,0.00,816.00
10443,11,"Queso Cabrales",66,8,1,2010-03-15,6,16.80,0.20,100.60
10443,28,"Rössle Sauerkraut",66,8,1,2010-03-15,12,36.40,0.00,436.80
10444,17,"Alice Mutton",5,3,3,2010-03-15,10,31.20,0.00,312.00
10444,26,"Gumbär Gummibärchen",5,3,3,2010-03-15,15,24.90,0.00,373.50
10444,35,"Steeleye Stout",5,3,3,2010-03-15,8,14.40,0.00,115.20
10444,41,"Jack's New England Clam Chowder",5,3,3,2010-03-15,30,7.70,0.00,231.00
10445,39,"Chartreuse verte",5,3,1,2010-03-16,6,14.40,0.00,86.40
10445,54,Tourtière,5,3,1,2010-03-16,15,5.90,0.00,88.50
10446,19,"Teatime Chocolate Biscuits",79,6,1,2010-03-17,12,7.30,0.10,87.51
10446,24,"Guaraná Fantástica",79,6,1,2010-03-17,20,3.60,0.10,71.93
10446,31,"Gorgonzola Telino",79,6,1,2010-03-17,3,10.00,0.10,29.97
10446,52,"Filo Mix",79,6,1,2010-03-17,15,5.60,0.10,83.92
10447,19,"Teatime Chocolate Biscuits",67,4,2,2010-03-17,40,7.30,0.00,292.00
10447,65,"Louisiana Fiery Hot Pepper Sauce",67,4,2,2010-03-17,35,16.80,0.00,588.00
10447,71,Fløtemysost,67,4,2,2010-03-17,2,17.20,0.00,34.40
10448,26,"Gumbär Gummibärchen",64,4,2,2010-03-20,6,24.90,0.00,149.40
10448,40,"Boston Crab Meat",64,4,2,2010-03-20,20,14.70,0.00,294.00
10449,10,Ikura,7,3,2,2010-03-21,14,24.80,0.00,347.20
10449,52,"Filo Mix",7,3,2,2010-03-21,20,5.60,0.00,112.00
10449,62,"Tarte au sucre",7,3,2,2010-03-21,35,39.40,0.00,1379.00
10450,10,Ikura,84,8,2,2010-03-22,20,24.80,0.20,495.01
10450,54,Tourtière,84,8,2,2010-03-22,6,5.90,0.20,35.33
10451,55,"Pâté chinois",63,4,3,2010-03-22,120,19.20,0.10,2301.70
10451,64,"Wimmers gute Semmelknödel",63,4,3,2010-03-22,35,26.60,0.10,930.07
10451,65,"Louisiana Fiery Hot Pepper Sauce",63,4,3,2010-03-22,28,16.80,0.10,469.93
10451,77,"Original Frankfurter grüne Soße",63,4,3,2010-03-22,55,10.40,0.10,571.43
10452,28,"Rössle Sauerkraut",71,8,1,2010-03-23,15,36.40,0.00,546.00
10452,44,"Gula Malacca",71,8,1,2010-03-23,100,15.50,0.05,1549.23
10453,48,Chocolade,4,1,2,2010-03-24,15,10.20,0.10,152.85
10453,70,"Outback Lager",4,1,2,2010-03-24,25,12.00,0.10,299.70
10454,16,Pavlova,41,4,3,2010-03-24,20,13.90,0.20,277.44
10454,33,Geitost,41,4,3,2010-03-24,20,2.00,0.20,39.92
10454,46,Spegesild,41,4,3,2010-03-24,10,9.60,0.20,95.81
10455,39,"Chartreuse verte",87,8,2,2010-03-27,20,14.40,0.00,288.00
10455,53,"Perth Pasties",87,8,2,2010-03-27,50,26.20,0.00,1310.00
10455,61,"Sirop d'érable",87,8,2,2010-03-27,25,22.80,0.00,570.00
10455,71,Fløtemysost,87,8,2,2010-03-27,30,17.20,0.00,516.00
10456,21,"Sir Rodney's Scones",39,8,2,2010-03-28,40,8.00,0.15,319.52
10456,49,Maxilaku,39,8,2,2010-03-28,21,16.00,0.15,335.50
10457,59,"Raclette Courdavault",39,2,1,2010-03-28,36,44.00,0.00,1584.00
10458,26,"Gumbär Gummibärchen",76,7,3,2010-03-29,30,24.90,0.00,747.00
10458,28,"Rössle Sauerkraut",76,7,3,2010-03-29,30,36.40,0.00,1092.00
10458,43,"Ipoh Coffee",76,7,3,2010-03-29,20,36.80,0.00,736.00
10458,56,"Gnocchi di nonna Alice",76,7,3,2010-03-29,15,30.40,0.00,456.00
10458,71,Fløtemysost,76,7,3,2010-03-29,50,17.20,0.00,860.00
10459,7,"Uncle Bob's Organic Dried Pears",84,4,2,2010-03-30,16,24.00,0.05,383.81
10459,46,Spegesild,84,4,2,2010-03-30,20,9.60,0.05,191.90
10459,72,"Mozzarella di Giovanni",84,4,2,2010-03-30,40,27.80,0.00,1112.00
10460,68,"Scottish Longbreads",24,8,1,2010-03-31,21,10.00,0.25,209.48
10460,75,"Rhönbräu Klosterbier",24,8,1,2010-03-31,4,6.20,0.25,24.74
10461,21,"Sir Rodney's Scones",46,1,3,2010-03-31,40,8.00,0.25,319.20
10461,30,"Nord-Ost Matjeshering",46,1,3,2010-03-31,28,20.70,0.25,578.15
10461,55,"Pâté chinois",46,1,3,2010-03-31,60,19.20,0.25,1149.12
10462,13,Konbu,16,2,1,2010-04-03,1,4.80,0.00,4.80
10462,23,Tunnbröd,16,2,1,2010-04-03,21,7.20,0.00,151.20
10463,19,"Teatime Chocolate Biscuits",76,5,3,2010-04-04,21,7.30,0.00,153.30
10463,42,"Singaporean Hokkien Fried Mee",76,5,3,2010-04-04,50,11.20,0.00,560.00
10464,4,"Chef Anton's Cajun Seasoning",28,4,2,2010-04-04,16,17.60,0.20,281.04
10464,43,"Ipoh Coffee",28,4,2,2010-04-04,3,36.80,0.00,110.40
10464,56,"Gnocchi di nonna Alice",28,4,2,2010-04-04,30,30.40,0.20,910.18
10464,60,"Camembert Pierrot",28,4,2,2010-04-04,20,27.20,0.00,544.00
10465,24,"Guaraná Fantástica",83,1,3,2010-04-05,25,3.60,0.00,90.00
10465,29,"Thüringer Rostbratwurst",83,1,3,2010-04-05,18,99.00,0.10,1780.22
10465,40,"Boston Crab Meat",83,1,3,2010-04-05,20,14.70,0.00,294.00
10465,45,"Røgede sild",83,1,3,2010-04-05,30,7.60,0.10,227.77
10465,50,"Valkoinen suklaa",83,1,3,2010-04-05,25,13.00,0.00,325.00
10466,11,"Queso Cabrales",15,4,1,2010-04-06,10,16.80,0.00,168.00
10466,46,Spegesild,15,4,1,2010-04-06,5,9.60,0.00,48.00
10467,24,"Guaraná Fantástica",49,8,2,2010-04-06,28,3.60,0.00,100.80
10467,25,"NuNuCa Nuß-Nougat-Creme",49,8,2,2010-04-06,12,11.20,0.00,134.40
10468,30,"Nord-Ost Matjeshering",39,3,3,2010-04-07,8,20.70,0.00,165.60
10468,43,"Ipoh Coffee",39,3,3,2010-04-07,15,36.80,0.00,552.00
10469,2,Chang,89,1,1,2010-04-10,40,15.20,0.15,607.09
10469,16,Pavlova,89,1,1,2010-04-10,35,13.90,0.15,485.77
10469,44,"Gula Malacca",89,1,1,2010-04-10,2,15.50,0.15,30.95
10470,18,"Carnarvon Tigers",9,4,2,2010-04-11,30,50.00,0.00,1500.00
10470,23,Tunnbröd,9,4,2,2010-04-11,15,7.20,0.00,108.00
10470,64,"Wimmers gute Semmelknödel",9,4,2,2010-04-11,8,26.60,0.00,212.80
10471,7,"Uncle Bob's Organic Dried Pears",11,2,3,2010-04-11,30,24.00,0.00,720.00
10471,56,"Gnocchi di nonna Alice",11,2,3,2010-04-11,20,30.40,0.00,608.00
10472,24,"Guaraná Fantástica",72,8,1,2010-04-12,80,3.60,0.05,287.86
10472,51,"Manjimup Dried Apples",72,8,1,2010-04-12,18,42.40,0.00,763.20
10473,33,Geitost,38,1,3,2010-04-13,12,2.00,0.00,24.00
10473,71,Fløtemysost,38,1,3,2010-04-13,12,17.20,0.00,206.40
10474,14,Tofu,58,5,2,2010-04-13,12,18.60,0.00,223.20
10474,28,"Rössle Sauerkraut",58,5,2,2010-04-13,18,36.40,0.00,655.20
10474,40,"Boston Crab Meat",58,5,2,2010-04-13,21,14.70,0.00,308.70
10474,75,"Rhönbräu Klosterbier",58,5,2,2010-04-13,10,6.20,0.00,62.00
10475,31,"Gorgonzola Telino",76,9,1,2010-04-14,35,10.00,0.15,349.48
10475,66,"Louisiana Hot Spiced Okra",76,9,1,2010-04-14,60,13.60,0.15,814.78
10475,76,Lakkalikööri,76,9,1,2010-04-14,42,14.40,0.15,603.89
10476,55,"Pâté chinois",35,8,3,2010-04-17,2,19.20,0.05,38.38
10476,70,"Outback Lager",35,8,3,2010-04-17,12,12.00,0.00,144.00
10477,1,Chai,60,5,2,2010-04-17,15,14.40,0.00,216.00
10477,21,"Sir Rodney's Scones",60,5,2,2010-04-17,21,8.00,0.25,167.58
10477,39,"Chartreuse verte",60,5,2,2010-04-17,20,14.40,0.25,287.28
10478,10,Ikura,84,2,3,2010-04-18,20,24.80,0.05,495.75
10479,38,"Côte de Blaye",65,3,3,2010-04-19,30,210.80,0.00,6324.00
10479,53,"Perth Pasties",65,3,3,2010-04-19,28,26.20,0.00,733.60
10479,59,"Raclette Courdavault",65,3,3,2010-04-19,60,44.00,0.00,2640.00
10479,64,"Wimmers gute Semmelknödel",65,3,3,2010-04-19,30,26.60,0.00,798.00
10480,47,"Zaanse koeken",23,6,2,2010-04-20,30,7.60,0.00,228.00
10480,59,"Raclette Courdavault",23,6,2,2010-04-20,12,44.00,0.00,528.00
10481,49,Maxilaku,67,8,2,2010-04-20,24,16.00,0.00,384.00
10481,60,"Camembert Pierrot",67,8,2,2010-04-20,40,27.20,0.00,1088.00
10482,40,"Boston Crab Meat",43,1,3,2010-04-21,10,14.70,0.00,147.00
10483,34,"Sasquatch Ale",89,7,2,2010-04-24,35,11.20,0.05,391.80
10483,77,"Original Frankfurter grüne Soße",89,7,2,2010-04-24,30,10.40,0.05,311.84
10484,21,"Sir Rodney's Scones",11,3,3,2010-04-24,14,8.00,0.00,112.00
10484,40,"Boston Crab Meat",11,3,3,2010-04-24,10,14.70,0.00,147.00
10484,51,"Manjimup Dried Apples",11,3,3,2010-04-24,3,42.40,0.00,127.20
10485,2,Chang,47,4,2,2010-04-25,20,15.20,0.10,303.70
10485,3,"Aniseed Syrup",47,4,2,2010-04-25,20,8.00,0.10,159.84
10485,55,"Pâté chinois",47,4,2,2010-04-25,30,19.20,0.10,575.42
10485,70,"Outback Lager",47,4,2,2010-04-25,60,12.00,0.10,719.28
10486,11,"Queso Cabrales",35,1,2,2010-04-26,5,16.80,0.00,84.00
10486,51,"Manjimup Dried Apples",35,1,2,2010-04-26,25,42.40,0.00,1060.00
10486,74,"Longlife Tofu",35,1,2,2010-04-26,16,8.00,0.00,128.00
10487,19,"Teatime Chocolate Biscuits",62,2,2,2010-04-26,5,7.30,0.00,36.50
10487,26,"Gumbär Gummibärchen",62,2,2,2010-04-26,30,24.90,0.00,747.00
10487,54,Tourtière,62,2,2,2010-04-26,24,5.90,0.25,141.25
10488,59,"Raclette Courdavault",25,8,2,2010-04-27,30,44.00,0.00,1320.00
10488,73,"Röd Kaviar",25,8,2,2010-04-27,20,12.00,0.20,239.52
10489,11,"Queso Cabrales",59,6,2,2010-04-28,15,16.80,0.25,251.37
10489,16,Pavlova,59,6,2,2010-04-28,18,13.90,0.00,250.20
10490,59,"Raclette Courdavault",35,7,2,2010-05-01,60,44.00,0.00,2640.00
10490,68,"Scottish Longbreads",35,7,2,2010-05-01,30,10.00,0.00,300.00
10490,75,"Rhönbräu Klosterbier",35,7,2,2010-05-01,36,6.20,0.00,223.20
10491,44,"Gula Malacca",28,8,3,2010-05-01,15,15.50,0.15,232.15
10491,77,"Original Frankfurter grüne Soße",28,8,3,2010-05-01,7,10.40,0.15,72.69
10492,25,"NuNuCa Nuß-Nougat-Creme",10,3,1,2010-05-02,60,11.20,0.05,671.66
10492,42,"Singaporean Hokkien Fried Mee",10,3,1,2010-05-02,20,11.20,0.05,223.89
10493,65,"Louisiana Fiery Hot Pepper Sauce",41,4,3,2010-05-03,15,16.80,0.10,251.75
10493,66,"Louisiana Hot Spiced Okra",41,4,3,2010-05-03,10,13.60,0.10,135.86
10493,69,Gudbrandsdalsost,41,4,3,2010-05-03,10,28.80,0.10,287.71
10494,56,"Gnocchi di nonna Alice",15,4,2,2010-05-03,30,30.40,0.00,912.00
10495,23,Tunnbröd,42,3,3,2010-05-04,10,7.20,0.00,72.00
10495,41,"Jack's New England Clam Chowder",42,3,3,2010-05-04,20,7.70,0.00,154.00
10495,77,"Original Frankfurter grüne Soße",42,3,3,2010-05-04,5,10.40,0.00,52.00
10496,31,"Gorgonzola Telino",81,7,2,2010-05-05,20,10.00,0.05,199.90
10497,56,"Gnocchi di nonna Alice",44,7,1,2010-05-05,14,30.40,0.00,425.60
10497,72,"Mozzarella di Giovanni",44,7,1,2010-05-05,25,27.80,0.00,695.00
10497,77,"Original Frankfurter grüne Soße",44,7,1,2010-05-05,25,10.40,0.00,260.00
10498,24,"Guaraná Fantástica",35,8,2,2010-05-08,14,4.50,0.00,63.00
10498,40,"Boston Crab Meat",35,8,2,2010-05-08,5,18.40,0.00,92.00
10498,42,"Singaporean Hokkien Fried Mee",35,8,2,2010-05-08,30,14.00,0.00,420.00
10499,28,"Rössle Sauerkraut",46,4,2,2010-05-09,20,45.60,0.00,912.00
10499,49,Maxilaku,46,4,2,2010-05-09,25,20.00,0.00,500.00
10500,15,"Genen Shouyu",41,6,1,2010-05-10,12,15.50,0.05,185.91
10500,28,"Rössle Sauerkraut",41,6,1,2010-05-10,8,45.60,0.05,364.62
10501,54,Tourtière,6,9,3,2010-05-10,20,7.45,0.00,149.00
10502,45,"Røgede sild",58,2,1,2010-05-11,21,9.50,0.00,199.50
10502,53,"Perth Pasties",58,2,1,2010-05-11,6,32.80,0.00,196.80
10502,67,"Laughing Lumberjack Lager",58,2,1,2010-05-11,30,14.00,0.00,420.00
10503,14,Tofu,37,6,2,2010-05-12,70,23.25,0.00,1627.50
10503,65,"Louisiana Fiery Hot Pepper Sauce",37,6,2,2010-05-12,20,21.05,0.00,421.00
10504,2,Chang,89,4,3,2010-05-12,12,19.00,0.00,228.00
10504,21,"Sir Rodney's Scones",89,4,3,2010-05-12,12,10.00,0.00,120.00
10504,53,"Perth Pasties",89,4,3,2010-05-12,10,32.80,0.00,328.00
10504,61,"Sirop d'érable",89,4,3,2010-05-12,25,28.50,0.00,712.50
10505,62,"Tarte au sucre",51,3,3,2010-05-15,3,49.30,0.00,147.90
10506,25,"NuNuCa Nuß-Nougat-Creme",39,9,2,2010-05-16,18,14.00,0.10,251.75
10506,70,"Outback Lager",39,9,2,2010-05-16,14,15.00,0.10,209.79
10507,43,"Ipoh Coffee",3,7,1,2010-05-16,15,46.00,0.15,688.97
10507,48,Chocolade,3,7,1,2010-05-16,15,12.75,0.15,190.96
10508,13,Konbu,56,1,2,2010-05-17,10,6.00,0.00,60.00
10508,39,"Chartreuse verte",56,1,2,2010-05-17,10,18.00,0.00,180.00
10509,28,"Rössle Sauerkraut",6,4,1,2010-05-18,3,45.60,0.00,136.80
10510,29,"Thüringer Rostbratwurst",71,6,3,2010-05-19,36,123.79,0.00,4456.44
10510,75,"Rhönbräu Klosterbier",71,6,3,2010-05-19,36,7.75,0.10,278.72
10511,4,"Chef Anton's Cajun Seasoning",9,4,3,2010-05-19,50,22.00,0.15,1098.35
10511,7,"Uncle Bob's Organic Dried Pears",9,4,3,2010-05-19,50,30.00,0.15,1497.75
10511,8,"Northwoods Cranberry Sauce",9,4,3,2010-05-19,10,40.00,0.15,399.40
10512,24,"Guaraná Fantástica",21,7,2,2010-05-22,10,4.50,0.15,44.93
10512,46,Spegesild,21,7,2,2010-05-22,9,12.00,0.15,107.84
10512,47,"Zaanse koeken",21,7,2,2010-05-22,6,9.50,0.15,56.91
10512,60,"Camembert Pierrot",21,7,2,2010-05-22,12,34.00,0.15,407.39
10513,21,"Sir Rodney's Scones",86,7,1,2010-05-23,40,10.00,0.20,399.20
10513,32,"Mascarpone Fabioli",86,7,1,2010-05-23,50,32.00,0.20,1596.80
10513,61,"Sirop d'érable",86,7,1,2010-05-23,15,28.50,0.20,426.65
10514,20,"Sir Rodney's Marmalade",20,3,2,2010-05-23,39,81.00,0.00,3159.00
10514,28,"Rössle Sauerkraut",20,3,2,2010-05-23,35,45.60,0.00,1596.00
10514,56,"Gnocchi di nonna Alice",20,3,2,2010-05-23,70,38.00,0.00,2660.00
10514,65,"Louisiana Fiery Hot Pepper Sauce",20,3,2,2010-05-23,39,21.05,0.00,820.95
10514,75,"Rhönbräu Klosterbier",20,3,2,2010-05-23,50,7.75,0.00,387.50
10515,9,"Mishi Kobe Niku",63,2,1,2010-05-24,16,97.00,0.15,1549.67
10515,16,Pavlova,63,2,1,2010-05-24,50,17.45,0.00,872.50
10515,27,"Schoggi Schokolade",63,2,1,2010-05-24,120,43.90,0.00,5268.00
10515,33,Geitost,63,2,1,2010-05-24,16,2.50,0.15,39.94
10515,60,"Camembert Pierrot",63,2,1,2010-05-24,84,34.00,0.15,2851.72
10516,18,"Carnarvon Tigers",37,2,3,2010-05-25,25,62.50,0.10,1560.94
10516,41,"Jack's New England Clam Chowder",37,2,3,2010-05-25,80,9.65,0.10,771.23
10516,42,"Singaporean Hokkien Fried Mee",37,2,3,2010-05-25,20,14.00,0.00,280.00
10517,52,"Filo Mix",53,3,3,2010-05-25,6,7.00,0.00,42.00
10517,59,"Raclette Courdavault",53,3,3,2010-05-25,4,55.00,0.00,220.00
10517,70,"Outback Lager",53,3,3,2010-05-25,6,15.00,0.00,90.00
10518,24,"Guaraná Fantástica",80,4,2,2010-05-26,5,4.50,0.00,22.50
10518,38,"Côte de Blaye",80,4,2,2010-05-26,15,263.50,0.00,3952.50
10518,44,"Gula Malacca",80,4,2,2010-05-26,9,19.45,0.00,175.05
10519,10,Ikura,14,6,3,2010-05-29,16,31.00,0.05,495.75
10519,56,"Gnocchi di nonna Alice",14,6,3,2010-05-29,40,38.00,0.00,1520.00
10519,60,"Camembert Pierrot",14,6,3,2010-05-29,10,34.00,0.05,339.83
10520,24,"Guaraná Fantástica",70,7,1,2010-05-30,8,4.50,0.00,36.00
10520,53,"Perth Pasties",70,7,1,2010-05-30,5,32.80,0.00,164.00
10521,35,"Steeleye Stout",12,8,2,2010-05-30,3,18.00,0.00,54.00
10521,41,"Jack's New England Clam Chowder",12,8,2,2010-05-30,10,9.65,0.00,96.50
10521,68,"Scottish Longbreads",12,8,2,2010-05-30,6,12.50,0.00,75.00
10522,1,Chai,44,4,1,2010-05-31,40,18.00,0.20,718.56
10522,8,"Northwoods Cranberry Sauce",44,4,1,2010-05-31,24,40.00,0.00,960.00
10522,30,"Nord-Ost Matjeshering",44,4,1,2010-05-31,20,25.89,0.20,516.76
10522,40,"Boston Crab Meat",44,4,1,2010-05-31,25,18.40,0.20,459.08
10523,17,"Alice Mutton",72,7,2,2010-06-01,25,39.00,0.10,974.03
10523,20,"Sir Rodney's Marmalade",72,7,2,2010-06-01,15,81.00,0.10,1213.79
10523,37,"Gravad lax",72,7,2,2010-06-01,18,26.00,0.10,467.53
10523,41,"Jack's New England Clam Chowder",72,7,2,2010-06-01,6,9.65,0.10,57.84
10524,10,Ikura,5,1,2,2010-06-01,2,31.00,0.00,62.00
10524,30,"Nord-Ost Matjeshering",5,1,2,2010-06-01,10,25.89,0.00,258.90
10524,43,"Ipoh Coffee",5,1,2,2010-06-01,60,46.00,0.00,2760.00
10524,54,Tourtière,5,1,2,2010-06-01,15,7.45,0.00,111.75
10525,36,"Inlagd Sill",9,1,2,2010-06-02,30,19.00,0.00,570.00
10525,40,"Boston Crab Meat",9,1,2,2010-06-02,15,18.40,0.10,275.72
10526,1,Chai,87,4,2,2010-06-05,8,18.00,0.15,143.78
10526,13,Konbu,87,4,2,2010-06-05,10,6.00,0.00,60.00
10526,56,"Gnocchi di nonna Alice",87,4,2,2010-06-05,30,38.00,0.15,1138.29
10527,4,"Chef Anton's Cajun Seasoning",63,7,1,2010-06-05,50,22.00,0.10,1098.90
10527,36,"Inlagd Sill",63,7,1,2010-06-05,30,19.00,0.10,569.43
10528,11,"Queso Cabrales",32,6,2,2010-06-06,3,21.00,0.00,63.00
10528,33,Geitost,32,6,2,2010-06-06,8,2.50,0.20,19.96
10528,72,"Mozzarella di Giovanni",32,6,2,2010-06-06,9,34.80,0.00,313.20
10529,55,"Pâté chinois",50,5,2,2010-06-07,14,24.00,0.00,336.00
10529,68,"Scottish Longbreads",50,5,2,2010-06-07,20,12.50,0.00,250.00
10529,69,Gudbrandsdalsost,50,5,2,2010-06-07,10,36.00,0.00,360.00
10530,17,"Alice Mutton",59,3,2,2010-06-08,40,39.00,0.00,1560.00
10530,43,"Ipoh Coffee",59,3,2,2010-06-08,25,46.00,0.00,1150.00
10530,61,"Sirop d'érable",59,3,2,2010-06-08,20,28.50,0.00,570.00
10530,76,Lakkalikööri,59,3,2,2010-06-08,50,18.00,0.00,900.00
10531,59,"Raclette Courdavault",54,7,1,2010-06-08,2,55.00,0.00,110.00
10532,30,"Nord-Ost Matjeshering",19,7,3,2010-06-09,15,25.89,0.00,388.35
10532,66,"Louisiana Hot Spiced Okra",19,7,3,2010-06-09,24,17.00,0.00,408.00
10533,4,"Chef Anton's Cajun Seasoning",24,8,1,2010-06-12,50,22.00,0.05,1099.45
10533,72,"Mozzarella di Giovanni",24,8,1,2010-06-12,24,34.80,0.00,835.20
10533,73,"Röd Kaviar",24,8,1,2010-06-12,24,15.00,0.05,359.82
10534,30,"Nord-Ost Matjeshering",44,8,2,2010-06-12,10,25.89,0.00,258.90
10534,40,"Boston Crab Meat",44,8,2,2010-06-12,10,18.40,0.20,183.63
10534,54,Tourtière,44,8,2,2010-06-12,10,7.45,0.20,74.35
10535,11,"Queso Cabrales",3,4,1,2010-06-13,50,21.00,0.10,1048.95
10535,40,"Boston Crab Meat",3,4,1,2010-06-13,10,18.40,0.10,183.82
10535,57,"Ravioli Angelo",3,4,1,2010-06-13,5,19.50,0.10,97.40
10535,59,"Raclette Courdavault",3,4,1,2010-06-13,15,55.00,0.10,824.18
10536,12,"Queso Manchego La Pastora",44,3,2,2010-06-14,15,38.00,0.25,568.58
10536,31,"Gorgonzola Telino",44,3,2,2010-06-14,20,12.50,0.00,250.00
10536,33,Geitost,44,3,2,2010-06-14,30,2.50,0.00,75.00
10536,60,"Camembert Pierrot",44,3,2,2010-06-14,35,34.00,0.25,1187.03
10537,31,"Gorgonzola Telino",68,1,1,2010-06-14,30,12.50,0.00,375.00
10537,51,"Manjimup Dried Apples",68,1,1,2010-06-14,6,53.00,0.00,318.00
10537,58,"Escargots de Bourgogne",68,1,1,2010-06-14,20,13.25,0.00,265.00
10537,72,"Mozzarella di Giovanni",68,1,1,2010-06-14,21,34.80,0.00,730.80
10537,73,"Röd Kaviar",68,1,1,2010-06-14,9,15.00,0.00,135.00
10538,70,"Outback Lager",11,9,3,2010-06-15,7,15.00,0.00,105.00
10538,72,"Mozzarella di Giovanni",11,9,3,2010-06-15,1,34.80,0.00,34.80
10539,13,Konbu,11,6,3,2010-06-16,8,6.00,0.00,48.00
10539,21,"Sir Rodney's Scones",11,6,3,2010-06-16,15,10.00,0.00,150.00
10539,33,Geitost,11,6,3,2010-06-16,15,2.50,0.00,37.50
10539,49,Maxilaku,11,6,3,2010-06-16,6,20.00,0.00,120.00
10540,3,"Aniseed Syrup",63,3,3,2010-06-19,60,10.00,0.00,600.00
10540,26,"Gumbär Gummibärchen",63,3,3,2010-06-19,40,31.23,0.00,1249.20
10540,38,"Côte de Blaye",63,3,3,2010-06-19,30,263.50,0.00,7905.00
10540,68,"Scottish Longbreads",63,3,3,2010-06-19,35,12.50,0.00,437.50
10541,24,"Guaraná Fantástica",34,2,1,2010-06-19,35,4.50,0.10,157.34
10541,38,"Côte de Blaye",34,2,1,2010-06-19,4,263.50,0.10,1052.95
10541,65,"Louisiana Fiery Hot Pepper Sauce",34,2,1,2010-06-19,36,21.05,0.10,757.04
10541,71,Fløtemysost,34,2,1,2010-06-19,9,21.50,0.10,193.31
10542,11,"Queso Cabrales",39,1,3,2010-06-20,15,21.00,0.05,314.84
10542,54,Tourtière,39,1,3,2010-06-20,24,7.45,0.05,178.71
10543,12,"Queso Manchego La Pastora",46,8,2,2010-06-21,30,38.00,0.15,1138.29
10543,23,Tunnbröd,46,8,2,2010-06-21,70,9.00,0.15,629.06
10544,28,"Rössle Sauerkraut",48,4,1,2010-06-21,7,45.60,0.00,319.20
10544,67,"Laughing Lumberjack Lager",48,4,1,2010-06-21,7,14.00,0.00,98.00
10545,11,"Queso Cabrales",43,8,2,2010-06-22,10,21.00,0.00,210.00
10546,7,"Uncle Bob's Organic Dried Pears",84,1,3,2010-06-23,10,30.00,0.00,300.00
10546,35,"Steeleye Stout",84,1,3,2010-06-23,30,18.00,0.00,540.00
10546,62,"Tarte au sucre",84,1,3,2010-06-23,40,49.30,0.00,1972.00
10547,32,"Mascarpone Fabioli",72,3,2,2010-06-23,24,32.00,0.15,766.85
10547,36,"Inlagd Sill",72,3,2,2010-06-23,60,19.00,0.00,1140.00
10548,34,"Sasquatch Ale",79,3,2,2010-06-26,10,14.00,0.25,139.65
10548,41,"Jack's New England Clam Chowder",79,3,2,2010-06-26,14,9.65,0.00,135.10
10549,31,"Gorgonzola Telino",63,5,1,2010-06-27,55,12.50,0.15,686.47
10549,45,"Røgede sild",63,5,1,2010-06-27,100,9.50,0.15,948.58
10549,51,"Manjimup Dried Apples",63,5,1,2010-06-27,48,53.00,0.15,2540.18
10550,17,"Alice Mutton",30,7,3,2010-06-28,8,39.00,0.10,311.69
10550,19,"Teatime Chocolate Biscuits",30,7,3,2010-06-28,10,9.20,0.00,92.00
10550,21,"Sir Rodney's Scones",30,7,3,2010-06-28,6,10.00,0.10,59.94
10550,61,"Sirop d'érable",30,7,3,2010-06-28,10,28.50,0.10,284.72
10551,16,Pavlova,28,4,3,2010-06-28,40,17.45,0.15,696.95
10551,35,"Steeleye Stout",28,4,3,2010-06-28,20,18.00,0.15,359.46
10551,44,"Gula Malacca",28,4,3,2010-06-28,40,19.45,0.00,778.00
10552,69,Gudbrandsdalsost,35,2,1,2010-06-29,18,36.00,0.00,648.00
10552,75,"Rhönbräu Klosterbier",35,2,1,2010-06-29,30,7.75,0.00,232.50
10553,11,"Queso Cabrales",87,2,2,2010-06-30,15,21.00,0.00,315.00
10553,16,Pavlova,87,2,2,2010-06-30,14,17.45,0.00,244.30
10553,22,"Gustaf's Knäckebröd",87,2,2,2010-06-30,24,21.00,0.00,504.00
10553,31,"Gorgonzola Telino",87,2,2,2010-06-30,30,12.50,0.00,375.00
10553,35,"Steeleye Stout",87,2,2,2010-06-30,6,18.00,0.00,108.00
10554,16,Pavlova,56,4,3,2010-06-30,30,17.45,0.05,523.24
10554,23,Tunnbröd,56,4,3,2010-06-30,20,9.00,0.05,179.91
10554,62,"Tarte au sucre",56,4,3,2010-06-30,20,49.30,0.05,985.51
10554,77,"Original Frankfurter grüne Soße",56,4,3,2010-06-30,10,13.00,0.05,129.94
10555,14,Tofu,71,6,3,2010-07-03,30,23.25,0.20,696.11
10555,19,"Teatime Chocolate Biscuits",71,6,3,2010-07-03,35,9.20,0.20,321.36
10555,24,"Guaraná Fantástica",71,6,3,2010-07-03,18,4.50,0.20,80.84
10555,51,"Manjimup Dried Apples",71,6,3,2010-07-03,20,53.00,0.20,1057.88
10555,56,"Gnocchi di nonna Alice",71,6,3,2010-07-03,40,38.00,0.20,1516.96
10556,72,"Mozzarella di Giovanni",73,2,1,2010-07-04,24,34.80,0.00,835.20
10557,64,"Wimmers gute Semmelknödel",44,9,2,2010-07-04,30,33.25,0.00,997.50
10557,75,"Rhönbräu Klosterbier",44,9,2,2010-07-04,20,7.75,0.00,155.00
10558,47,"Zaanse koeken",4,1,2,2010-07-05,25,9.50,0.00,237.50
10558,51,"Manjimup Dried Apples",4,1,2,2010-07-05,20,53.00,0.00,1060.00
10558,52,"Filo Mix",4,1,2,2010-07-05,30,7.00,0.00,210.00
10558,53,"Perth Pasties",4,1,2,2010-07-05,18,32.80,0.00,590.40
10558,73,"Röd Kaviar",4,1,2,2010-07-05,3,15.00,0.00,45.00
10559,41,"Jack's New England Clam Chowder",7,6,1,2010-07-06,12,9.65,0.05,115.74
10559,55,"Pâté chinois",7,6,1,2010-07-06,18,24.00,0.05,431.78
10560,30,"Nord-Ost Matjeshering",25,8,1,2010-07-07,20,25.89,0.00,517.80
10560,62,"Tarte au sucre",25,8,1,2010-07-07,15,49.30,0.25,737.65
10561,44,"Gula Malacca",24,2,2,2010-07-07,10,19.45,0.00,194.50
10561,51,"Manjimup Dried Apples",24,2,2,2010-07-07,50,53.00,0.00,2650.00
10562,33,Geitost,66,1,1,2010-07-10,20,2.50,0.10,49.95
10562,62,"Tarte au sucre",66,1,1,2010-07-10,10,49.30,0.10,492.51
10563,36,"Inlagd Sill",67,2,2,2010-07-11,25,19.00,0.00,475.00
10563,52,"Filo Mix",67,2,2,2010-07-11,70,7.00,0.00,490.00
10564,17,"Alice Mutton",65,4,3,2010-07-11,16,39.00,0.05,623.69
10564,31,"Gorgonzola Telino",65,4,3,2010-07-11,6,12.50,0.05,74.96
10564,55,"Pâté chinois",65,4,3,2010-07-11,25,24.00,0.05,599.70
10565,24,"Guaraná Fantástica",51,8,2,2010-07-12,25,4.50,0.10,112.39
10565,64,"Wimmers gute Semmelknödel",51,8,2,2010-07-12,18,33.25,0.10,597.90
10566,11,"Queso Cabrales",7,9,1,2010-07-13,35,21.00,0.15,733.90
10566,18,"Carnarvon Tigers",7,9,1,2010-07-13,18,62.50,0.15,1123.31
10566,76,Lakkalikööri,7,9,1,2010-07-13,10,18.00,0.00,180.00
10567,31,"Gorgonzola Telino",37,1,1,2010-07-13,60,12.50,0.20,748.50
10567,51,"Manjimup Dried Apples",37,1,1,2010-07-13,3,53.00,0.00,159.00
10567,59,"Raclette Courdavault",37,1,1,2010-07-13,40,55.00,0.20,2195.60
10568,10,Ikura,29,3,3,2010-07-14,5,31.00,0.00,155.00
10569,31,"Gorgonzola Telino",65,5,1,2010-07-17,35,12.50,0.20,436.63
10569,76,Lakkalikööri,65,5,1,2010-07-17,30,18.00,0.00,540.00
10570,11,"Queso Cabrales",51,3,3,2010-07-18,15,21.00,0.05,314.84
10570,56,"Gnocchi di nonna Alice",51,3,3,2010-07-18,60,38.00,0.05,2278.86
10571,14,Tofu,20,8,3,2010-07-18,11,23.25,0.15,255.37
10571,42,"Singaporean Hokkien Fried Mee",20,8,3,2010-07-18,28,14.00,0.15,391.41
10572,16,Pavlova,5,3,2,2010-07-19,12,17.45,0.10,209.19
10572,32,"Mascarpone Fabioli",5,3,2,2010-07-19,10,32.00,0.10,319.68
10572,40,"Boston Crab Meat",5,3,2,2010-07-19,50,18.40,0.00,920.00
10572,75,"Rhönbräu Klosterbier",5,3,2,2010-07-19,15,7.75,0.10,116.13
10573,17,"Alice Mutton",3,7,3,2010-07-20,18,39.00,0.00,702.00
10573,34,"Sasquatch Ale",3,7,3,2010-07-20,40,14.00,0.00,560.00
10573,53,"Perth Pasties",3,7,3,2010-07-20,25,32.80,0.00,820.00
10574,33,Geitost,82,4,2,2010-07-20,14,2.50,0.00,35.00
10574,40,"Boston Crab Meat",82,4,2,2010-07-20,2,18.40,0.00,36.80
10574,62,"Tarte au sucre",82,4,2,2010-07-20,10,49.30,0.00,493.00
10574,64,"Wimmers gute Semmelknödel",82,4,2,2010-07-20,6,33.25,0.00,199.50
10575,59,"Raclette Courdavault",52,5,1,2010-07-21,12,55.00,0.00,660.00
10575,63,Vegie-spread,52,5,1,2010-07-21,6,43.90,0.00,263.40
10575,72,"Mozzarella di Giovanni",52,5,1,2010-07-21,30,34.80,0.00,1044.00
10575,76,Lakkalikööri,52,5,1,2010-07-21,10,18.00,0.00,180.00
10576,1,Chai,80,3,3,2010-07-24,10,18.00,0.00,180.00
10576,31,"Gorgonzola Telino",80,3,3,2010-07-24,20,12.50,0.00,250.00
10576,44,"Gula Malacca",80,3,3,2010-07-24,21,19.45,0.00,408.45
10577,39,"Chartreuse verte",82,9,2,2010-07-24,10,18.00,0.00,180.00
10577,75,"Rhönbräu Klosterbier",82,9,2,2010-07-24,20,7.75,0.00,155.00
10577,77,"Original Frankfurter grüne Soße",82,9,2,2010-07-24,18,13.00,0.00,234.00
10578,35,"Steeleye Stout",11,4,3,2010-07-25,20,18.00,0.00,360.00
10578,57,"Ravioli Angelo",11,4,3,2010-07-25,6,19.50,0.00,117.00
10579,15,"Genen Shouyu",45,1,2,2010-07-26,10,15.50,0.00,155.00
10579,75,"Rhönbräu Klosterbier",45,1,2,2010-07-26,21,7.75,0.00,162.75
10580,14,Tofu,56,4,3,2010-07-27,15,23.25,0.05,348.58
10580,41,"Jack's New England Clam Chowder",56,4,3,2010-07-27,9,9.65,0.05,86.81
10580,65,"Louisiana Fiery Hot Pepper Sauce",56,4,3,2010-07-27,30,21.05,0.05,631.18
10581,75,"Rhönbräu Klosterbier",21,3,1,2010-07-27,50,7.75,0.20,386.73
10582,57,"Ravioli Angelo",6,3,2,2010-07-28,4,19.50,0.00,78.00
10582,76,Lakkalikööri,6,3,2,2010-07-28,14,18.00,0.00,252.00
10583,29,"Thüringer Rostbratwurst",87,2,2,2010-07-31,10,123.79,0.00,1237.90
10583,60,"Camembert Pierrot",87,2,2,2010-07-31,24,34.00,0.15,814.78
10583,69,Gudbrandsdalsost,87,2,2,2010-07-31,10,36.00,0.15,359.46
10584,31,"Gorgonzola Telino",7,4,1,2010-07-31,50,12.50,0.05,624.69
10585,47,"Zaanse koeken",88,7,1,2010-08-01,15,9.50,0.00,142.50
10586,52,"Filo Mix",66,9,1,2010-08-02,4,7.00,0.15,27.96
10587,26,"Gumbär Gummibärchen",61,1,1,2010-08-02,6,31.23,0.00,187.38
10587,35,"Steeleye Stout",61,1,1,2010-08-02,20,18.00,0.00,360.00
10587,77,"Original Frankfurter grüne Soße",61,1,1,2010-08-02,20,13.00,0.00,260.00
10588,18,"Carnarvon Tigers",63,2,3,2010-08-03,40,62.50,0.20,2495.00
10588,42,"Singaporean Hokkien Fried Mee",63,2,3,2010-08-03,100,14.00,0.20,1397.20
10589,35,"Steeleye Stout",32,8,2,2010-08-04,4,18.00,0.00,72.00
10590,1,Chai,51,4,3,2010-08-07,20,18.00,0.00,360.00
10590,77,"Original Frankfurter grüne Soße",51,4,3,2010-08-07,60,13.00,0.05,779.61
10591,3,"Aniseed Syrup",83,1,1,2010-08-07,14,10.00,0.00,140.00
10591,7,"Uncle Bob's Organic Dried Pears",83,1,1,2010-08-07,10,30.00,0.00,300.00
10591,54,Tourtière,83,1,1,2010-08-07,50,7.45,0.00,372.50
10592,15,"Genen Shouyu",44,3,1,2010-08-08,25,15.50,0.05,387.31
10592,26,"Gumbär Gummibärchen",44,3,1,2010-08-08,5,31.23,0.05,156.07
10593,20,"Sir Rodney's Marmalade",44,7,2,2010-08-09,21,81.00,0.20,1697.60
10593,69,Gudbrandsdalsost,44,7,2,2010-08-09,20,36.00,0.20,718.56
10593,76,Lakkalikööri,44,7,2,2010-08-09,4,18.00,0.20,71.86
10594,52,"Filo Mix",55,3,2,2010-08-09,24,7.00,0.00,168.00
10594,58,"Escargots de Bourgogne",55,3,2,2010-08-09,30,13.25,0.00,397.50
10595,35,"Steeleye Stout",20,2,1,2010-08-10,30,18.00,0.25,538.65
10595,61,"Sirop d'érable",20,2,1,2010-08-10,120,28.50,0.25,3411.45
10595,69,Gudbrandsdalsost,20,2,1,2010-08-10,65,36.00,0.25,2334.15
10596,56,"Gnocchi di nonna Alice",89,8,1,2010-08-11,5,38.00,0.20,189.62
10596,63,Vegie-spread,89,8,1,2010-08-11,24,43.90,0.20,1051.49
10596,75,"Rhönbräu Klosterbier",89,8,1,2010-08-11,30,7.75,0.20,232.04
10597,24,"Guaraná Fantástica",59,7,3,2010-08-11,35,4.50,0.20,157.19
10597,57,"Ravioli Angelo",59,7,3,2010-08-11,20,19.50,0.00,390.00
10597,65,"Louisiana Fiery Hot Pepper Sauce",59,7,3,2010-08-11,12,21.05,0.20,252.09
10598,27,"Schoggi Schokolade",65,1,3,2010-08-14,50,43.90,0.00,2195.00
10598,71,Fløtemysost,65,1,3,2010-08-14,9,21.50,0.00,193.50
10599,62,"Tarte au sucre",11,6,3,2010-08-15,10,49.30,0.00,493.00
10600,54,Tourtière,36,4,1,2010-08-16,4,7.45,0.00,29.80
10600,73,"Röd Kaviar",36,4,1,2010-08-16,30,15.00,0.00,450.00
10601,13,Konbu,35,7,1,2010-08-16,60,6.00,0.00,360.00
10601,59,"Raclette Courdavault",35,7,1,2010-08-16,35,55.00,0.00,1925.00
10602,77,"Original Frankfurter grüne Soße",83,8,2,2010-08-17,5,13.00,0.25,64.84
10603,22,"Gustaf's Knäckebröd",71,8,2,2010-08-18,48,21.00,0.00,1008.00
10603,49,Maxilaku,71,8,2,2010-08-18,25,20.00,0.05,499.75
10604,48,Chocolade,28,1,1,2010-08-18,6,12.75,0.10,76.42
10604,76,Lakkalikööri,28,1,1,2010-08-18,10,18.00,0.10,179.82
10605,16,Pavlova,51,1,2,2010-08-21,30,17.45,0.05,523.24
10605,59,"Raclette Courdavault",51,1,2,2010-08-21,20,55.00,0.05,1099.45
10605,60,"Camembert Pierrot",51,1,2,2010-08-21,70,34.00,0.05,2378.81
10605,71,Fløtemysost,51,1,2,2010-08-21,15,21.50,0.05,322.34
10606,4,"Chef Anton's Cajun Seasoning",81,4,3,2010-08-22,20,22.00,0.20,439.12
10606,55,"Pâté chinois",81,4,3,2010-08-22,20,24.00,0.20,479.04
10606,62,"Tarte au sucre",81,4,3,2010-08-22,10,49.30,0.20,492.01
10607,7,"Uncle Bob's Organic Dried Pears",71,5,1,2010-08-22,45,30.00,0.00,1350.00
10607,17,"Alice Mutton",71,5,1,2010-08-22,100,39.00,0.00,3900.00
10607,33,Geitost,71,5,1,2010-08-22,14,2.50,0.00,35.00
10607,40,"Boston Crab Meat",71,5,1,2010-08-22,42,18.40,0.00,772.80
10607,72,"Mozzarella di Giovanni",71,5,1,2010-08-22,12,34.80,0.00,417.60
10608,56,"Gnocchi di nonna Alice",79,4,2,2010-08-23,28,38.00,0.00,1064.00
10609,1,Chai,18,7,2,2010-08-24,3,18.00,0.00,54.00
10609,10,Ikura,18,7,2,2010-08-24,10,31.00,0.00,310.00
10609,21,"Sir Rodney's Scones",18,7,2,2010-08-24,6,10.00,0.00,60.00
10610,36,"Inlagd Sill",41,8,1,2010-08-25,21,19.00,0.25,398.00
10611,1,Chai,91,6,2,2010-08-25,6,18.00,0.00,108.00
10611,2,Chang,91,6,2,2010-08-25,10,19.00,0.00,190.00
10611,60,"Camembert Pierrot",91,6,2,2010-08-25,15,34.00,0.00,510.00
10612,10,Ikura,71,1,2,2010-08-28,70,31.00,0.00,2170.00
10612,36,"Inlagd Sill",71,1,2,2010-08-28,55,19.00,0.00,1045.00
10612,49,Maxilaku,71,1,2,2010-08-28,18,20.00,0.00,360.00
10612,60,"Camembert Pierrot",71,1,2,2010-08-28,40,34.00,0.00,1360.00
10612,76,Lakkalikööri,71,1,2,2010-08-28,80,18.00,0.00,1440.00
10613,13,Konbu,35,4,2,2010-08-29,8,6.00,0.10,47.95
10613,75,"Rhönbräu Klosterbier",35,4,2,2010-08-29,40,7.75,0.00,310.00
10614,11,"Queso Cabrales",6,8,3,2010-08-29,14,21.00,0.00,294.00
10614,21,"Sir Rodney's Scones",6,8,3,2010-08-29,8,10.00,0.00,80.00
10614,39,"Chartreuse verte",6,8,3,2010-08-29,5,18.00,0.00,90.00
10615,55,"Pâté chinois",90,2,3,2010-08-30,5,24.00,0.00,120.00
10616,38,"Côte de Blaye",32,1,2,2010-08-31,15,263.50,0.05,3950.52
10616,56,"Gnocchi di nonna Alice",32,1,2,2010-08-31,14,38.00,0.00,532.00
10616,70,"Outback Lager",32,1,2,2010-08-31,15,15.00,0.05,224.89
10616,71,Fløtemysost,32,1,2,2010-08-31,15,21.50,0.05,322.34
10617,59,"Raclette Courdavault",32,4,2,2010-08-31,30,55.00,0.15,1647.53
10618,6,"Grandma's Boysenberry Spread",51,1,1,2010-09-01,70,25.00,0.00,1750.00
10618,56,"Gnocchi di nonna Alice",51,1,1,2010-09-01,20,38.00,0.00,760.00
10618,68,"Scottish Longbreads",51,1,1,2010-09-01,15,12.50,0.00,187.50
10619,21,"Sir Rodney's Scones",51,3,3,2010-09-04,42,10.00,0.00,420.00
10619,22,"Gustaf's Knäckebröd",51,3,3,2010-09-04,40,21.00,0.00,840.00
10620,24,"Guaraná Fantástica",42,2,3,2010-09-05,5,4.50,0.00,22.50
10620,52,"Filo Mix",42,2,3,2010-09-05,5,7.00,0.00,35.00
10621,19,"Teatime Chocolate Biscuits",38,4,2,2010-09-05,5,9.20,0.00,46.00
10621,23,Tunnbröd,38,4,2,2010-09-05,10,9.00,0.00,90.00
10621,70,"Outback Lager",38,4,2,2010-09-05,20,15.00,0.00,300.00
10621,71,Fløtemysost,38,4,2,2010-09-05,15,21.50,0.00,322.50
10622,2,Chang,67,4,3,2010-09-06,20,19.00,0.00,380.00
10622,68,"Scottish Longbreads",67,4,3,2010-09-06,18,12.50,0.20,224.55
10623,14,Tofu,25,8,2,2010-09-07,21,23.25,0.00,488.25
10623,19,"Teatime Chocolate Biscuits",25,8,2,2010-09-07,15,9.20,0.10,137.86
10623,21,"Sir Rodney's Scones",25,8,2,2010-09-07,25,10.00,0.10,249.75
10623,24,"Guaraná Fantástica",25,8,2,2010-09-07,3,4.50,0.00,13.50
10623,35,"Steeleye Stout",25,8,2,2010-09-07,30,18.00,0.10,539.46
10624,28,"Rössle Sauerkraut",78,4,2,2010-09-07,10,45.60,0.00,456.00
10624,29,"Thüringer Rostbratwurst",78,4,2,2010-09-07,6,123.79,0.00,742.74
10624,44,"Gula Malacca",78,4,2,2010-09-07,10,19.45,0.00,194.50
10625,14,Tofu,2,3,1,2010-09-08,3,23.25,0.00,69.75
10625,42,"Singaporean Hokkien Fried Mee",2,3,1,2010-09-08,5,14.00,0.00,70.00
10625,60,"Camembert Pierrot",2,3,1,2010-09-08,10,34.00,0.00,340.00
